"","date","owned_tweets_about_games","owned_retweets_about_games","owned_favorites_about_games","owned_replies_about_games","owned_tweets_total","owned_retweets_total","owned_favorites_total","owned_replies_total","paid_volume","paid_retweets","paid_favorites","paid_replies","negative_comments","neutral_comments","positive_comments","ups_comments","mean_sentiment_comments","earned_volume_comments","news_volume","earnings","press_release_volume","trailer","launch","teaser","convention","expansions_dlc","week","year","EAprice","EAtrading_volume"
"1",2017-01-01,1,552,1656,55,15,1725,7026,1093,0,0,0,0,59,58,112,6450,0.190146288209607,229,0,0,0,0,0,0,0,0,1,2017,NA,NA
"2",2017-01-02,11,2,10,7,474,1181,5145,760,0,0,0,0,123,83,141,1730,0.0406230547550432,347,0,0,0,0,0,0,0,0,1,2017,NA,NA
"3",2017-01-03,11,515,1496,44,896,4507,12555,1541,0,0,0,0,102,187,260,10634,0.203569034608379,549,0,0,0,0,0,0,0,0,1,2017,79.169998,2187300
"4",2017-01-04,16,8268,15187,1274,980,10904,24958,3866,0,0,0,0,270,227,600,3953,0.217685141294439,1097,2,0,0,0,0,0,0,0,1,2017,80.629997,1852300
"5",2017-01-05,19,897,2737,114,942,8182,23826,4356,0,0,0,0,873,633,1513,25434,0.134706425968864,3019,3,0,1,0,0,0,0,0,1,2017,78.959999,3295000
"6",2017-01-06,15,198,721,46,691,3682,14445,2493,0,0,0,0,348,224,581,3970,0.138589071986123,1153,5,0,0,0,0,0,0,0,1,2017,79.010002,2017700
"7",2017-01-07,4,482,1811,72,178,3249,12094,1222,0,0,0,0,348,402,633,8635,0.135241359363702,1383,0,0,0,0,0,0,0,0,1,2017,NA,NA
"8",2017-01-08,2,282,993,35,95,4124,13285,849,0,0,0,0,234,162,426,7094,0.158205839416058,822,0,0,0,0,0,0,0,0,2,2017,NA,NA
"9",2017-01-09,15,1,8,9,623,14501,38188,3317,0,0,0,0,210,164,318,4518,0.0949998554913295,692,2,0,0,0,0,0,0,0,2,2017,78.639999,2332300
"10",2017-01-10,8,192,785,27,718,5709,15526,1721,0,0,0,0,46,44,111,547,0.199644278606965,201,2,0,1,0,0,0,0,0,2,2017,78.849998,2328900
"11",2017-01-11,12,396,1654,62,1018,4785,20350,2128,0,0,0,0,14,8,14,33,-0.005525,36,1,0,0,0,0,0,0,0,2,2017,79.019997,2618900
"12",2017-01-12,10,54,318,33,861,3272,13908,1812,0,0,0,0,166,103,303,15932,0.18842465034965,572,3,0,0,0,0,0,0,0,2,2017,79.599998,2035700
"13",2017-01-13,12,71,292,19,778,6339,26778,2064,0,0,0,0,220,133,412,2532,0.173357516339869,765,1,0,0,0,0,0,0,0,2,2017,80.349998,2818000
"14",2017-01-14,1,112,459,21,173,3944,13657,1140,0,0,0,0,15,14,47,300,0.273114473684211,76,0,0,0,0,0,0,0,0,2,2017,NA,NA
"15",2017-01-15,2,177,681,47,85,2024,9363,842,0,0,0,0,10,21,50,215,0.311876543209877,81,0,0,0,0,0,0,0,0,3,2017,NA,NA
"16",2017-01-16,13,218,983,99,567,4498,10723,2889,0,0,0,0,11,11,27,73,0.127869387755102,49,0,0,0,0,0,0,0,0,3,2017,NA,NA
"17",2017-01-17,14,402,1610,72,930,27690,45944,2414,0,0,0,0,18,3,13,18,-0.0679470588235294,34,1,0,0,0,0,0,0,0,3,2017,80.230003,2073300
"18",2017-01-18,17,0,12,11,993,2426,9211,1498,0,0,0,0,7,3,7,19,0.0547647058823529,17,3,0,2,0,0,0,0,0,3,2017,80.529999,1926600
"19",2017-01-19,10,0,6,11,821,2882,11049,1591,0,0,0,0,5,3,28,72,0.435130555555556,36,4,0,0,0,0,0,0,0,3,2017,80.379997,1746100
"20",2017-01-20,11,74,301,12,768,4850,18820,1742,0,0,0,0,2,2,8,16,0.2642,12,0,0,0,0,0,0,0,0,3,2017,80.120003,2642900
"21",2017-01-21,2,0,5,2,135,1951,9624,769,0,0,0,0,1,1,0,2,-0.2294,2,1,0,0,0,0,0,0,0,3,2017,NA,NA
"22",2017-01-22,0,0,0,0,76,12308,21593,1030,0,0,0,0,4,0,9,27,0.284869230769231,13,1,0,0,0,0,0,0,0,4,2017,NA,NA
"23",2017-01-23,12,3,12,8,833,3908,11609,1325,0,0,0,0,36,58,94,2853,0.20618670212766,188,1,0,0,0,0,0,0,0,4,2017,79.879997,2672200
"24",2017-01-24,17,1,14,13,729,1957,9180,2453,0,0,0,0,180,207,397,6123,0.181317729591837,784,1,0,0,0,0,0,0,0,4,2017,80.510002,2004300
"25",2017-01-25,9,2161,4792,251,836,6986,24287,2356,0,0,0,0,33,22,69,207,0.166656451612903,124,1,0,0,0,0,0,0,0,4,2017,81.480003,2727000
"26",2017-01-26,7,3799,7200,560,929,11326,21815,2204,0,0,0,0,36,22,56,382,0.143750877192982,114,8,0,1,0,0,0,0,0,4,2017,81.699997,1854400
"27",2017-01-27,6,484,1268,45,891,4020,18762,2068,0,0,0,0,527,451,975,19856,0.153339682539683,1953,1,0,0,0,0,0,0,0,4,2017,83.160004,2607200
"28",2017-01-28,3,481,1960,61,223,3699,12920,1113,0,0,0,0,41,42,89,301,0.175806976744186,172,0,0,0,0,0,0,0,0,4,2017,NA,NA
"29",2017-01-29,0,0,0,0,145,4506,19991,2735,0,0,0,0,54,37,75,682,0.0779433734939759,166,0,0,0,0,0,0,0,0,5,2017,NA,NA
"30",2017-01-30,5,0,0,2,774,4219,10416,1236,0,0,0,0,28,19,40,123,0.0967298850574713,87,1,0,0,0,0,0,0,0,5,2017,83.839996,4067300
"31",2017-01-31,20,1109,3767,151,1046,5059,17766,2076,0,0,0,0,11,14,20,148,0.14452,45,19,1,1,0,0,0,0,0,5,2017,83.43,6583400
"32",2017-02-01,11,2,9,7,925,6283,22892,3057,0,0,0,0,68,59,137,1307,0.167110227272727,264,16,0,1,0,0,0,0,0,5,2017,83,7607300
"33",2017-02-02,11,1,16,9,807,2087,11773,993,0,0,0,0,36,31,79,512,0.180734931506849,146,11,0,0,0,0,0,0,0,5,2017,82.510002,4079700
"34",2017-02-03,5,346,1317,64,734,4814,22413,3179,0,0,0,0,6,5,9,107,0.023675,20,3,0,0,0,0,0,0,0,5,2017,81.279999,4300800
"35",2017-02-04,2,1,17,3,315,7310,25948,1801,0,0,0,0,31,36,87,473,0.218203246753247,154,4,0,0,0,0,0,0,0,5,2017,NA,NA
"36",2017-02-05,1,159,741,51,73,6800,12551,856,0,0,0,0,30,26,49,1643,0.10948380952381,105,0,0,0,0,0,0,0,0,6,2017,NA,NA
"37",2017-02-06,11,64,341,26,899,12546,28292,1202,0,0,0,0,34,29,69,260,0.179751515151515,132,0,0,0,0,0,0,0,0,6,2017,81.519997,2351100
"38",2017-02-07,7,1,7,1,818,5312,12080,1485,0,0,0,0,24,25,66,732,0.252850434782609,115,2,0,0,0,0,0,0,0,6,2017,82.209999,2944000
"39",2017-02-08,6,0,2,6,856,3587,12870,1626,0,0,0,0,16,16,58,341,0.327647777777778,90,1,0,0,0,0,0,0,0,6,2017,81.480003,2738900
"40",2017-02-09,11,56,219,10,964,2543,11173,1407,0,0,0,0,5,5,7,82,0.136258823529412,17,1,0,0,0,0,0,0,0,6,2017,83.260002,3193000
"41",2017-02-10,8,249,1274,104,1042,4321,19480,2127,0,0,0,0,241,125,402,11379,0.153029817708333,768,2,0,0,0,0,0,0,0,6,2017,86.169998,6561700
"42",2017-02-11,2,0,5,3,172,4209,11232,1160,0,0,0,0,289,178,505,9763,0.1484079218107,972,0,0,0,0,0,0,0,0,6,2017,NA,NA
"43",2017-02-12,1,64,309,77,12,1011,4537,394,0,0,0,0,46,33,115,2772,0.22164175257732,194,0,0,0,0,0,0,0,0,7,2017,NA,NA
"44",2017-02-13,10,0,3,5,770,2244,9015,828,0,0,0,0,73,62,198,3529,0.236953453453453,333,0,0,0,0,0,0,0,0,7,2017,86.32,4435000
"45",2017-02-14,15,25,31,11,802,5225,17927,1972,0,0,0,0,21,17,54,436,0.22668152173913,92,2,0,1,0,0,0,0,0,7,2017,86.059998,3046800
"46",2017-02-15,13,324,1291,64,615,2808,10545,1791,0,0,0,0,17,11,49,154,0.294816883116883,77,2,0,0,0,0,0,0,0,7,2017,87.949997,3293500
"47",2017-02-16,8,931,3014,133,684,4172,12466,1216,0,0,0,0,4,3,8,15,0.118946666666667,15,3,0,0,0,0,0,0,0,7,2017,87.849998,2739100
"48",2017-02-17,6,255,1183,25,498,6437,21976,2282,0,0,0,0,6,9,11,17,0.111092307692308,26,0,0,0,0,0,0,0,0,7,2017,87.300003,1773700
"49",2017-02-18,2,142,644,23,131,1488,7471,577,0,0,0,0,636,425,1106,19723,0.13461089063221,2167,0,0,0,0,0,0,0,0,7,2017,NA,NA
"50",2017-02-19,2,392,1631,45,86,2772,12589,1147,0,0,0,0,57,40,101,259,0.136639898989899,198,0,0,0,0,0,0,0,0,8,2017,NA,NA
"51",2017-02-20,8,182,654,27,466,1892,8678,1116,0,0,0,0,24,15,58,156,0.185409278350515,97,0,0,0,0,0,0,0,0,8,2017,NA,NA
"52",2017-02-21,8,300,1061,26,750,2436,10538,2887,1,2,9,0,12,8,22,49,0.202233333333333,42,2,0,0,0,0,0,0,0,8,2017,87.540001,1871800
"53",2017-02-22,5,925,2416,99,835,5359,18146,2511,0,0,0,0,1,8,16,35,0.413912,25,2,0,0,0,0,0,0,0,8,2017,87.379997,1751400
"54",2017-02-23,3,2,2,2,778,3463,13093,1135,0,0,0,0,98,77,239,9485,0.225357487922705,414,3,0,0,0,0,0,0,0,8,2017,86.650002,3113300
"55",2017-02-24,6,5015,12797,692,640,8207,27570,2155,0,0,0,0,511,346,870,9637,0.140708627678054,1727,0,0,0,0,0,0,0,0,8,2017,86.540001,3026700
"56",2017-02-25,2,72,310,11,185,3546,9123,3078,0,0,0,0,502,563,1019,16241,0.157809213051823,2084,0,0,0,0,0,0,0,0,8,2017,NA,NA
"57",2017-02-26,3,375,1530,129,72,827,3716,313,0,0,0,0,153,100,270,2011,0.149626003824092,523,0,0,0,0,0,0,0,0,9,2017,NA,NA
"58",2017-02-27,4,45,261,9,786,1635,6443,1190,0,0,0,0,102,72,182,1927,0.142806179775281,356,1,0,0,0,0,0,0,0,9,2017,87,1519300
"59",2017-02-28,7,612,1922,110,483,3656,15633,1360,0,0,0,0,216,246,400,7391,0.138113573085847,862,6,0,0,0,0,0,0,0,9,2017,86.5,2421100
"60",2017-03-01,1,175,570,37,53,3551,12356,1125,0,0,0,0,241,213,535,18624,0.180422042467139,989,5,0,0,0,0,0,0,0,9,2017,87.82,2090700
"61",2017-03-02,2,1300,4085,139,42,4325,15006,1449,0,0,0,0,396,364,878,8094,0.207230463980464,1638,2,0,0,0,0,0,0,0,9,2017,87.010002,1709200
"62",2017-03-03,1,101,398,11,47,3833,16905,1667,0,0,0,0,150,96,258,2300,0.149327182539683,504,5,0,0,0,0,0,0,0,9,2017,87.239998,1190600
"63",2017-03-04,3,397,1794,52,29,2211,10582,1459,0,0,0,0,319,281,647,10293,0.155991980753809,1247,0,0,0,0,0,0,0,0,9,2017,NA,NA
"64",2017-03-05,3,231,983,38,18,1766,4246,1141,0,0,0,0,61,40,100,307,0.141612935323383,201,0,0,0,0,0,0,0,0,10,2017,NA,NA
"65",2017-03-06,0,0,0,0,20,3530,11917,1235,0,0,0,0,80,63,129,1247,0.118463235294118,272,0,0,0,0,0,0,0,0,10,2017,87.139999,1882300
"66",2017-03-07,2,148,596,31,44,1723,7921,1204,0,0,0,0,211,183,442,5063,0.170051794258373,836,1,0,0,0,0,0,0,0,10,2017,88.300003,3016900
"67",2017-03-08,1,378,1610,107,30,3713,14280,1689,0,0,0,0,187,160,398,4091,0.165757046979866,745,1,0,0,0,0,0,0,0,10,2017,89,2577900
"68",2017-03-09,3,1937,5106,245,33,5078,15628,717,0,0,0,0,103,114,250,1562,0.175928907922912,467,3,0,0,0,0,0,0,0,10,2017,89.029999,3127100
"69",2017-03-10,9,4340,10637,566,55,7930,26447,2037,0,0,0,0,262,229,508,18546,0.15256956956957,999,1,0,0,1,0,0,0,0,10,2017,89.809998,2005300
"70",2017-03-11,5,874,4284,368,50,3645,17036,1177,0,0,0,0,660,512,1168,12169,0.145153974358974,2340,0,0,0,0,0,0,0,0,10,2017,NA,NA
"71",2017-03-12,3,199,1450,41,31,2849,12279,1657,0,0,0,0,357,323,617,10556,0.133301464919044,1297,0,0,0,0,0,0,0,0,11,2017,NA,NA
"72",2017-03-13,4,1154,4109,187,31,2454,8684,810,0,0,0,0,403,409,711,9156,0.1157014445174,1523,1,0,0,0,0,0,0,0,11,2017,90.730003,2753300
"73",2017-03-14,3,544,2332,89,54,2773,11224,1173,0,0,0,0,213,232,395,4034,0.157830476190476,840,0,0,0,0,0,0,0,0,11,2017,90.900002,1967000
"74",2017-03-15,4,293,1168,84,38,4898,19024,1539,1,3,169,3,1740,1063,2741,74964,0.120448575036075,5544,0,0,0,0,0,0,0,0,11,2017,91.510002,3197300
"75",2017-03-16,3,472,1940,165,41,3795,14094,1201,0,0,0,0,2025,1384,3177,101504,0.112402414211965,6586,1,0,0,0,0,0,0,0,11,2017,90.199997,5153100
"76",2017-03-17,3,276,1430,108,62,5936,21579,1558,0,0,0,0,2700,1909,3995,107550,0.105058310088331,8604,0,0,0,0,0,0,0,0,11,2017,89.589996,6446600
"77",2017-03-18,4,1773,2660,207,48,9011,16044,1455,1,0,0,0,1158,820,1680,28198,0.0962995079278294,3658,1,0,0,0,0,0,0,0,11,2017,NA,NA
"78",2017-03-19,4,593,2947,255,40,25686,18997,1421,0,0,0,0,2098,1143,2185,64308,-0.0063846479911537,5426,0,0,0,0,0,0,0,0,12,2017,NA,NA
"79",2017-03-20,9,3598,10019,831,54,13850,21208,1831,0,0,0,0,2406,1635,3548,134285,0.0969535643694821,7589,0,0,0,0,0,0,0,0,12,2017,89.160004,4278100
"80",2017-03-21,11,1296,4862,517,91,9201,14512,1421,0,0,0,0,1474,1091,2776,26030,0.156852405916495,5341,6,0,1,0,1,0,0,0,12,2017,88.410004,3278600
"81",2017-03-22,7,172,875,117,67,2973,10952,2102,0,0,0,0,623,430,1135,7669,0.155796023765996,2188,3,0,0,0,0,0,0,0,12,2017,88.739998,2326200
"82",2017-03-23,9,1308,3828,520,67,5247,10449,1271,3,3,8,1,752,597,1303,20413,0.141228619909502,2652,2,0,0,0,0,0,0,0,12,2017,88.610001,1910000
"83",2017-03-24,11,422,2416,587,126,7664,21754,3207,0,0,0,0,602,397,1051,21063,0.150021219512195,2050,0,0,0,0,0,0,0,0,12,2017,89.349998,1878100
"84",2017-03-25,3,102,797,165,23,1090,5335,1627,0,0,0,0,558,337,968,10538,0.150301395598497,1863,1,0,0,0,0,0,0,0,12,2017,NA,NA
"85",2017-03-26,3,213,1428,237,27,801,4478,637,0,0,0,0,280,192,628,9875,0.226236363636364,1100,0,0,0,0,0,0,0,0,13,2017,NA,NA
"86",2017-03-27,3,232,1372,100,35,3992,5573,680,0,0,0,0,1187,704,1952,47798,0.140283606557377,3843,0,0,0,0,0,0,0,0,13,2017,89.019997,2109200
"87",2017-03-28,0,0,0,0,44,1323,5650,832,0,0,0,0,700,535,1260,12496,0.152297635270541,2495,1,0,0,0,0,0,0,0,13,2017,89.739998,2083900
"88",2017-03-29,2,5648,10799,898,59,14164,27050,2150,0,0,0,0,231,144,348,1915,0.129372614107884,723,0,0,0,0,0,0,0,0,13,2017,89.779999,1771200
"89",2017-03-30,4,2105,7678,1205,60,6338,19139,1998,0,0,0,0,842,472,1093,19039,0.0621526796842543,2407,1,0,0,0,0,0,0,0,13,2017,90.260002,2073700
"90",2017-03-31,1,116,913,203,67,6464,23525,2841,0,0,0,0,243,127,377,1326,0.134470013386881,747,1,0,0,0,0,0,0,0,13,2017,89.519997,1737700
"91",2017-04-01,0,0,0,0,47,2235,10899,1442,0,0,0,0,208,127,342,11031,0.13374682422452,677,0,0,0,0,0,0,0,0,13,2017,NA,NA
"92",2017-04-02,0,0,0,0,16,1109,5437,398,0,0,0,0,352,170,414,5402,0.0599344017094017,936,0,0,0,0,0,0,0,0,14,2017,NA,NA
"93",2017-04-03,0,0,0,0,50,879,4469,980,0,0,0,0,715,456,968,23537,0.0794136044880785,2139,0,0,0,0,0,0,0,0,14,2017,89.110001,1522300
"94",2017-04-04,1,749,2119,101,62,5776,9852,1122,0,0,0,0,353,221,535,3480,0.123483588818756,1109,1,0,0,0,0,0,0,0,14,2017,89.279999,1870400
"95",2017-04-05,2,203,1043,136,59,4590,18419,3262,0,0,0,0,1467,922,2192,79443,0.112464527395765,4581,4,0,0,0,0,0,0,0,14,2017,88.400002,2673500
"96",2017-04-06,1,0,3,3,84,2332,10522,1409,1,5,44,3,517,325,754,11129,0.103759147869674,1596,1,0,0,0,0,0,0,0,14,2017,88.559998,1319600
"97",2017-04-07,1,48,278,16,90,2175,10250,1357,0,0,0,0,531,380,730,18388,0.0810473491773309,1641,2,0,0,0,0,0,0,0,14,2017,88.730003,1740800
"98",2017-04-08,0,0,0,0,20,1060,5699,535,0,0,0,0,74,49,105,457,0.102587280701754,228,0,0,0,0,0,0,0,0,14,2017,NA,NA
"99",2017-04-09,0,0,0,0,39,5639,11642,1256,0,0,0,0,30,39,71,414,0.173842142857143,140,0,0,0,0,0,0,0,0,15,2017,NA,NA
"100",2017-04-10,1,135,893,79,43,1867,8684,760,0,0,0,0,43,30,66,896,0.128831654676259,139,0,0,0,0,0,0,0,0,15,2017,88.739998,1424000
"101",2017-04-11,1,422,1099,75,54,2098,9110,785,0,0,0,0,117,97,195,1310,0.118940342298289,409,1,0,0,0,0,0,0,0,15,2017,89.68,1763900
"102",2017-04-12,3,3322,7917,602,34,11396,33103,2688,0,0,0,0,92,66,156,1676,0.159419426751592,314,0,0,0,0,0,0,0,0,15,2017,89.949997,1909100
"103",2017-04-13,6,2200,6814,310,49,5185,24184,2631,2,2,272,13,37,21,50,141,0.0829740740740741,108,2,0,0,0,0,1,0,0,15,2017,89.019997,2966200
"104",2017-04-14,3,1751,5425,390,28,2971,13133,1502,0,0,0,0,66,62,124,1199,0.141827380952381,252,0,0,0,0,0,0,0,0,15,2017,NA,NA
"105",2017-04-15,15,21106,45872,1668,73,22770,53700,2549,1,12,350,4,97,72,134,1464,0.0834564356435644,303,3,0,1,1,0,0,0,0,15,2017,NA,NA
"106",2017-04-16,4,1145,5293,177,37,1761,8582,407,0,0,0,0,709,455,817,27988,0.0427037859666835,1981,0,0,0,0,0,0,0,0,16,2017,NA,NA
"107",2017-04-17,6,7793,6634,317,39,9317,14638,1255,0,0,0,0,63,69,123,536,0.156701176470588,255,0,0,0,0,0,0,0,0,16,2017,89.209999,2160100
"108",2017-04-18,4,846,4176,117,51,2166,10729,676,0,0,0,0,49,48,100,11581,0.174583756345178,197,1,0,1,0,0,0,0,0,16,2017,89.199997,1393100
"109",2017-04-19,7,1152,4791,838,49,3342,15010,2355,0,0,0,0,177,194,355,5936,0.134867906336088,726,6,0,0,0,0,0,0,0,16,2017,89.650002,2021400
"110",2017-04-20,5,970,4570,405,74,4804,14470,1221,0,0,0,0,27,27,65,282,0.176342016806723,119,2,0,0,0,0,0,0,0,16,2017,91.209999,2024300
"111",2017-04-21,5,654,3738,137,80,9542,26346,2140,0,0,0,0,84,75,151,5315,0.119220967741935,310,4,0,0,0,0,0,0,0,16,2017,91.940002,1831800
"112",2017-04-22,0,0,0,0,30,2173,13385,1177,2,5,348,2,374,157,565,10306,0.133212682481752,1096,0,0,0,0,0,0,0,0,16,2017,NA,NA
"113",2017-04-23,1,134,766,15,21,1294,7806,724,0,0,0,0,90,32,160,810,0.174657092198582,282,0,0,0,0,0,0,0,0,17,2017,NA,NA
"114",2017-04-24,3,499,2527,48,46,1648,8207,564,0,0,0,0,62,46,88,603,0.11280306122449,196,0,0,0,0,0,0,0,0,17,2017,92.809998,2020900
"115",2017-04-25,1,80,315,12,35,5039,7850,610,0,0,0,0,24,21,44,132,0.176751685393258,89,6,0,0,0,0,0,0,0,17,2017,92.989998,2041400
"116",2017-04-26,2,248,1394,18,39,3928,17097,1075,0,0,0,0,10,9,22,46,0.244787804878049,41,3,0,0,0,0,0,0,0,17,2017,93.5,1543000
"117",2017-04-27,3,291,1694,68,62,1910,10276,1038,0,0,0,0,6,17,47,398,0.443152857142857,70,2,0,0,0,0,0,0,0,17,2017,94.239998,1515700
"118",2017-04-28,2,131,895,86,82,5594,20006,1374,0,0,0,0,24,25,48,529,0.111236082474227,97,0,0,0,0,0,0,0,0,17,2017,94.82,1937800
"119",2017-04-29,1,1189,2028,60,26,2480,9261,711,0,0,0,0,72,160,322,1328,0.323906137184116,554,1,0,0,0,0,0,0,0,17,2017,NA,NA
"120",2017-04-30,1,274,1331,17,25,996,4979,1484,0,0,0,0,98,89,270,3135,0.260417067833698,457,0,0,0,0,0,0,0,0,18,2017,NA,NA
"121",2017-05-01,1,81,294,14,29,1401,6165,432,0,0,0,0,99,68,185,1999,0.165758238636364,352,2,0,0,0,0,0,0,0,18,2017,94.790001,2314800
"122",2017-05-02,4,469,2324,85,32,1183,6184,446,0,0,0,0,71,50,140,2319,0.184391570881226,261,1,0,0,0,0,0,0,0,18,2017,94.25,2332500
"123",2017-05-03,1,1446,2142,75,38,3481,10937,1977,0,0,0,0,14,32,68,183,0.281913157894737,114,8,0,0,0,0,0,0,0,18,2017,94.110001,2872300
"124",2017-05-04,0,0,0,0,62,1582,7862,647,0,0,0,0,16,8,60,172,0.313103571428571,84,6,0,0,0,0,0,0,0,18,2017,94.760002,4548700
"125",2017-05-05,1,24,120,40,36,3464,16628,1953,0,0,0,0,4,10,26,60,0.3424375,40,5,0,0,0,0,0,0,0,18,2017,95.739998,5175900
"126",2017-05-06,1,63,475,12,41,2316,13249,1400,0,0,0,0,19,17,16,210,0.0183807692307692,52,0,0,0,0,0,0,0,0,18,2017,NA,NA
"127",2017-05-07,0,0,0,0,34,801,4402,273,0,0,0,0,21,15,54,341,0.221844444444444,90,0,0,0,0,0,0,0,0,19,2017,NA,NA
"128",2017-05-08,1,6091,2207,94,38,13468,15959,1318,0,0,0,0,5,5,18,35,0.37025,28,1,0,0,0,0,0,0,0,19,2017,95.730003,5318600
"129",2017-05-09,1,38,281,18,54,5202,12404,1337,0,0,0,0,41,52,73,829,0.139957228915663,166,3,1,1,0,0,0,0,0,19,2017,96.010002,6184900
"130",2017-05-10,0,0,0,0,63,2242,9475,1124,0,0,0,0,111,81,175,1735,0.11519224137931,348,18,0,0,0,0,0,0,0,19,2017,108.160004,11166200
"131",2017-05-11,4,5452,12884,1111,42,6492,18505,1752,0,0,0,0,222,184,363,6735,0.108430052493438,762,12,0,0,0,0,0,0,0,19,2017,108.580002,5750600
"132",2017-05-12,5,17257,24746,1310,56,28393,61741,2775,0,0,0,0,72,65,118,1792,0.140820392156863,255,5,0,1,0,0,1,0,0,19,2017,109.089996,3169400
"133",2017-05-13,1,34,140,13,43,1408,8680,1602,0,0,0,0,114,73,168,2817,0.107192112676056,355,0,0,0,0,0,0,0,0,19,2017,NA,NA
"134",2017-05-14,2,202,1048,44,57,921,6245,535,0,0,0,0,187,106,194,5457,0.00487597535934292,487,0,0,0,0,0,0,0,0,20,2017,NA,NA
"135",2017-05-15,2,4181,1683,54,55,6465,15972,1080,0,0,0,0,55,23,64,215,0.04855,142,2,0,0,0,0,0,0,0,20,2017,110.900002,3279800
"136",2017-05-16,1,66,630,11,42,1878,10154,995,0,0,0,0,13,15,46,237,0.21535,74,1,0,0,0,0,0,0,0,20,2017,111.760002,2963400
"137",2017-05-17,1,82,223,11,25,2514,10866,739,0,0,0,0,16,15,31,80,0.176933870967742,62,3,0,0,0,0,0,0,0,20,2017,105.239998,7457200
"138",2017-05-18,0,0,0,0,32,1077,6432,424,0,0,0,0,6,9,12,45,0.139592592592593,27,5,0,0,0,0,0,0,0,20,2017,106.93,3174500
"139",2017-05-19,1,92,208,24,58,8650,35412,1856,0,0,0,0,13,13,27,142,0.211958490566038,53,3,0,0,0,0,0,0,0,20,2017,107.639999,2282400
"140",2017-05-20,2,185,1027,24,40,1969,14060,1149,0,0,0,0,62,39,82,2055,0.0641169398907104,183,2,0,0,0,0,0,0,0,20,2017,NA,NA
"141",2017-05-21,2,249,1117,76,30,3085,11126,614,0,0,0,0,21,12,21,80,0.0238444444444444,54,0,0,0,0,0,0,0,0,21,2017,NA,NA
"142",2017-05-22,0,0,0,0,19,1593,8676,770,0,0,0,0,10,11,23,96,0.208481818181818,44,3,0,0,0,0,0,0,0,21,2017,108.389999,1493200
"143",2017-05-23,1,128,365,54,29,2139,8407,675,0,0,0,0,7,4,7,62,-0.00703888888888889,18,0,0,0,0,0,0,0,0,21,2017,109.010002,3032700
"144",2017-05-24,1,319,1280,30,24,4469,20979,1125,1,15,202,7,2,1,4,10,0.2149,7,3,0,0,0,0,0,0,0,21,2017,112.309998,4492500
"145",2017-05-25,2,181,636,38,20,1797,8613,1228,0,0,0,0,23,17,23,260,0.0165285714285714,63,6,0,1,0,0,0,0,0,21,2017,113.830002,3419800
"146",2017-05-26,4,1284,3866,232,37,5697,22583,2041,0,0,0,0,78,62,103,1318,0.0967530864197531,243,4,0,0,0,0,0,0,0,21,2017,112.129997,2212500
"147",2017-05-27,3,466,1702,46,22,1126,6453,375,0,0,0,0,72,72,142,624,0.169645804195804,286,0,0,0,0,0,0,0,0,21,2017,NA,NA
"148",2017-05-28,0,0,0,0,19,649,4457,437,0,0,0,0,43,51,120,1234,0.202657009345794,214,0,0,0,0,0,0,0,0,22,2017,NA,NA
"149",2017-05-29,2,119,594,19,36,897,7252,606,0,0,0,0,2,1,11,21,0.425221428571429,14,0,0,0,0,0,0,0,0,22,2017,NA,NA
"150",2017-05-30,1,58,296,11,35,2087,9052,817,0,0,0,0,18,28,38,195,0.161708333333333,84,5,0,0,0,0,0,0,0,22,2017,112.849998,2360100
"151",2017-05-31,2,108,343,46,47,5860,20752,2411,0,0,0,0,2,5,9,15,0.18655625,16,2,0,0,0,0,0,0,0,22,2017,113.330002,3430000
"152",2017-06-01,2,11,98,7,28,3915,13809,1705,0,0,0,0,8,5,6,19,0.0175736842105263,19,6,0,0,0,0,0,0,0,22,2017,113.870003,2232700
"153",2017-06-02,3,7085,13102,1157,62,16173,38839,3911,0,0,0,0,83,82,116,2252,0.0889042857142857,280,1,0,1,1,0,0,0,0,22,2017,114.519997,1872600
"154",2017-06-03,1,224,814,45,111,10589,29707,2169,0,0,0,0,37,42,68,267,0.126543150684932,146,3,0,0,0,0,0,0,0,22,2017,NA,NA
"155",2017-06-04,3,5015,14005,748,30,5502,17874,1544,0,0,0,0,13,19,24,151,0.117707142857143,56,0,0,0,0,0,0,0,0,23,2017,NA,NA
"156",2017-06-05,9,25085,50062,2547,55,26039,56029,3183,0,0,0,0,65,66,111,2273,0.124712396694215,242,1,0,1,1,0,0,0,0,23,2017,114.690002,1879800
"157",2017-06-06,4,2493,7560,972,40,4960,17687,1565,4,106,1838,41,121,175,281,2043,0.173319237435009,577,3,0,0,0,0,0,0,0,23,2017,113.690002,2508400
"158",2017-06-07,9,3007,9263,649,54,4879,18469,1644,7,98,1266,31,101,133,150,3087,0.08953359375,384,3,0,0,0,0,1,0,0,23,2017,115.370003,2480100
"159",2017-06-08,5,953,4056,188,31,7809,30822,1959,2,528,4267,203,153,109,181,3999,0.0307810383747178,443,5,0,1,0,0,0,0,0,23,2017,114.290001,3293900
"160",2017-06-09,9,3839,11345,668,50,9925,37774,2452,4,995,7393,259,78,79,136,2454,0.128835494880546,293,1,0,0,0,0,0,0,0,23,2017,110.459999,5738200
"161",2017-06-10,43,43754,101084,3781,165,53500,133723,5437,42,2262,24472,626,143,85,195,1950,0.079977304964539,423,3,0,2,3,0,0,0,0,23,2017,NA,NA
"162",2017-06-11,13,13031,16969,701,78,16633,31775,2210,7,457,3455,130,2775,2635,4908,104629,0.138672925288608,9182,0,0,1,0,0,0,0,0,24,2017,NA,NA
"163",2017-06-12,14,15064,43132,2325,71,18128,57766,3504,2,40,538,8,338,328,538,10174,0.113173182957393,1197,9,0,0,0,0,0,0,0,24,2017,108.900002,5836900
"164",2017-06-13,13,1290,7855,572,54,2210,13035,1067,5,91,1605,29,139,146,234,1446,0.117806756756757,518,4,0,0,0,0,0,1,0,24,2017,109.980003,2740000
"165",2017-06-14,6,901,4338,199,50,3534,15021,952,4,121,1287,29,40,46,81,392,0.160176129032258,155,5,0,0,0,0,0,1,0,24,2017,110.019997,2171800
"166",2017-06-15,5,944,4854,205,46,4904,21226,1191,3,481,3004,65,39,36,103,382,0.248097647058824,170,6,0,0,0,0,0,1,0,24,2017,110.529999,3705600
"167",2017-06-16,7,977,4320,483,51,3149,17286,1283,0,0,0,0,22,13,36,93,0.125501408450704,71,2,0,0,0,0,0,1,0,24,2017,110.510002,9608200
"168",2017-06-17,4,536,3085,435,17,1294,7935,685,3,26,518,5,3,6,10,186,0.206905263157895,19,0,0,0,0,0,0,0,0,24,2017,NA,NA
"169",2017-06-18,3,344,1892,50,30,893,6251,416,0,0,0,0,6,8,28,187,0.393621428571429,42,0,0,0,0,0,0,0,0,25,2017,NA,NA
"170",2017-06-19,4,489,2182,110,30,1616,7151,360,2,23,670,16,3,4,5,23,0.116425,12,3,0,0,0,0,0,0,0,25,2017,113.650002,2891300
"171",2017-06-20,5,860,3129,281,43,2582,12072,966,1,24,701,15,27,17,45,386,0.160373033707865,89,6,0,0,0,0,0,0,0,25,2017,113.470001,2710500
"172",2017-06-21,3,204,1311,82,36,2729,13359,932,0,0,0,0,272,209,509,19676,0.167996161616162,990,2,0,1,0,0,0,0,0,25,2017,113.169998,3054000
"173",2017-06-22,12,3890,9426,731,66,4589,12821,1040,2,18,369,14,355,295,800,4248,0.206558137931034,1450,2,0,0,0,0,0,0,0,25,2017,112.620003,2380400
"174",2017-06-23,1,17,89,13,33,4995,22810,1251,5,1400,12291,207,47,41,88,477,0.172379545454545,176,3,0,0,0,0,0,0,0,25,2017,110.870003,7457900
"175",2017-06-24,3,304,1541,125,39,972,6287,492,0,0,0,0,7,4,11,26,0.0942636363636364,22,0,0,0,0,0,0,0,0,25,2017,NA,NA
"176",2017-06-25,4,282,1263,134,23,632,4564,453,2,580,2440,85,6,6,8,33,0.07053,20,0,0,0,0,0,0,0,0,26,2017,NA,NA
"177",2017-06-26,4,533,2667,112,27,997,4735,387,4,169,1646,42,1,0,3,3,0.242625,4,0,0,0,0,0,0,0,0,26,2017,111.860001,2446300
"178",2017-06-27,3,180,782,42,26,786,3974,285,2,7,137,18,3,4,10,25,0.280252941176471,17,0,0,0,0,0,0,0,0,26,2017,108.32,3058000
"179",2017-06-28,4,474,2258,123,24,1143,5997,762,3,12,146,3,7,4,26,125,0.343072972972973,37,2,0,0,0,0,0,0,0,26,2017,108.809998,3668200
"180",2017-06-29,4,393,1833,130,22,1162,5238,506,1,6,101,1,4,8,10,16,0.209109090909091,22,5,0,0,0,0,0,0,0,26,2017,106.68,3820400
"181",2017-06-30,2,387,1927,90,17,3320,19076,1175,1,33,329,1,284,262,806,6274,0.264604142011834,1352,0,0,0,0,0,0,0,0,26,2017,105.720001,3216500
"182",2017-07-01,4,1777,6863,227,11,2440,9869,346,0,0,0,0,214,124,394,3966,0.157186612021858,732,0,0,0,0,0,0,0,0,26,2017,NA,NA
"183",2017-07-02,3,480,2229,135,14,636,3467,480,0,0,0,0,51,36,88,447,0.140949142857143,175,0,0,0,0,0,0,0,0,27,2017,NA,NA
"184",2017-07-03,3,663,3118,164,21,973,4561,335,0,0,0,0,24,18,53,272,0.19262,95,0,0,0,0,0,0,0,0,27,2017,105.419998,1656400
"185",2017-07-04,1,52,289,18,34,13708,13274,1050,0,0,0,0,217,112,344,5497,0.135646508172363,673,0,0,0,0,0,0,0,0,27,2017,NA,NA
"186",2017-07-05,3,847,3076,199,25,1738,8253,998,0,0,0,0,32,20,74,242,0.246513492063492,126,0,0,0,0,0,0,0,0,27,2017,106.760002,2824900
"187",2017-07-06,4,871,3178,216,34,1940,7910,572,0,0,0,0,25,25,65,323,0.271957391304348,115,1,0,1,0,0,0,0,0,27,2017,105.75,2471600
"188",2017-07-07,1,130,339,16,48,6253,35675,2596,0,0,0,0,88,51,136,1511,0.0946836363636364,275,1,0,0,0,0,0,0,0,27,2017,107.449997,2152500
"189",2017-07-08,3,187,1127,185,18,753,4070,365,0,0,0,0,117,117,243,9409,0.158107337526205,477,0,0,0,0,0,0,0,0,27,2017,NA,NA
"190",2017-07-09,12,3207,10119,444,24,3658,12374,630,0,0,0,0,239,181,311,2812,0.0626023255813953,731,0,0,0,0,0,0,0,0,28,2017,NA,NA
"191",2017-07-10,18,5546,13338,520,47,6814,18244,849,0,0,0,0,35,20,35,405,0.0568533333333333,90,0,0,0,0,0,0,0,0,28,2017,107.839996,2188400
"192",2017-07-11,8,623,2948,184,48,2908,17662,1420,0,0,0,0,82,69,134,1180,0.123268421052632,285,3,0,0,0,0,0,0,0,28,2017,108.419998,2289900
"193",2017-07-12,3,182,961,330,44,2394,14722,1697,1,23,112,15,12,11,26,67,0.219328571428571,49,4,0,0,0,0,0,0,0,28,2017,110.68,1943500
"194",2017-07-13,6,1532,5045,476,32,2049,8456,772,0,0,0,0,5,3,6,12,0.0575928571428571,14,1,0,0,0,0,0,0,0,28,2017,108.980003,1710800
"195",2017-07-14,2,133,719,52,27,3462,20591,1406,0,0,0,0,134,122,296,3402,0.171878985507246,552,0,0,0,0,0,0,0,0,28,2017,108.989998,1321300
"196",2017-07-15,2,756,2695,59,17,1257,6165,688,7,496,3588,79,38,26,97,367,0.248280124223602,161,1,0,0,0,0,0,0,0,28,2017,NA,NA
"197",2017-07-16,5,7763,6868,390,22,8282,9587,629,0,0,0,0,6,5,19,70,0.338946666666667,30,0,0,0,0,0,0,0,0,29,2017,NA,NA
"198",2017-07-17,3,137,617,25,22,1518,6917,887,1,0,0,0,52,17,37,519,-0.0667160377358491,106,1,0,0,0,0,0,0,0,29,2017,109.440002,1686400
"199",2017-07-18,1,41,194,6,17,1447,9499,703,1,18,220,25,13,10,16,119,0.111530769230769,39,5,0,0,0,0,0,0,0,29,2017,110.279999,1908700
"200",2017-07-19,2,85,429,74,26,2654,16437,1371,0,0,0,0,12,13,16,105,0.0853073170731707,41,1,0,0,0,0,0,0,0,29,2017,111.580002,2498400
"201",2017-07-20,3,199,1339,58,63,2753,18413,2107,0,0,0,0,6,2,2,16,-0.16489,10,5,0,0,0,0,0,0,0,29,2017,111.970001,2143800
"202",2017-07-21,5,7350,18243,1178,45,10991,40663,2214,0,0,0,0,2,1,9,9,0.328441666666667,12,4,0,1,1,0,0,0,0,29,2017,112.220001,2434900
"203",2017-07-22,4,669,2157,154,18,1383,6154,375,0,0,0,0,2,5,3,10,0.1009,10,0,0,0,0,0,0,0,0,29,2017,NA,NA
"204",2017-07-23,2,2232,7788,553,19,3549,15786,885,0,0,0,0,23,37,50,748,0.185251818181818,110,0,0,0,0,0,0,0,0,30,2017,NA,NA
"205",2017-07-24,3,337,1418,264,25,1324,6801,568,0,0,0,0,37,55,72,344,0.127954268292683,164,1,0,0,0,0,0,0,0,30,2017,113.75,2784600
"206",2017-07-25,7,569,2657,607,37,3560,18418,2252,0,0,0,0,0,1,7,10,0.2819875,8,1,0,0,0,0,0,0,0,30,2017,113.660004,2735500
"207",2017-07-26,14,5994,6299,508,77,9184,21707,1717,0,0,0,0,29,57,137,900,0.295143497757848,223,5,0,1,0,0,0,0,0,30,2017,118,4520400
"208",2017-07-27,8,5215,9080,786,18,5759,12188,942,0,0,0,0,43,91,202,619,0.27453125,336,26,1,1,0,0,0,0,0,30,2017,117.599998,8953500
"209",2017-07-28,10,6268,23639,1178,44,9154,42699,2551,0,0,0,0,3,6,15,41,0.348375,24,18,0,0,0,0,0,0,0,30,2017,118.25,5012300
"210",2017-07-29,3,1328,7133,356,12,2367,9067,516,0,0,0,0,126,85,221,3422,0.147606018518519,432,0,0,0,0,0,0,0,0,30,2017,NA,NA
"211",2017-07-30,3,3528,13542,655,15,4290,17967,1273,0,0,0,0,37,15,44,207,0.0315916666666667,96,0,0,0,0,0,0,0,0,31,2017,NA,NA
"212",2017-07-31,4,256,1284,225,20,4034,17066,3436,0,0,0,0,10,12,29,107,0.196335294117647,51,1,0,0,0,0,0,0,0,31,2017,116.739998,2951400
"213",2017-08-01,21,18348,56563,2686,56,34492,127455,6127,0,0,0,0,76,50,118,1515,0.123593032786885,244,1,0,0,0,0,0,0,0,31,2017,116.919998,2488200
"214",2017-08-02,9,1594,5016,585,25,7149,23778,1788,0,0,0,0,53,39,103,900,0.164557435897436,195,0,0,0,0,0,0,0,0,31,2017,116.830002,3111600
"215",2017-08-03,8,7609,13394,669,34,20925,51443,2036,1,0,1,0,56,22,64,342,0.0809232394366197,142,4,0,1,0,0,0,0,0,31,2017,118.849998,2929100
"216",2017-08-04,4,208,758,81,28,6050,29262,1638,0,0,0,0,110,112,202,2959,0.144781603773585,424,0,0,0,0,0,0,0,0,31,2017,117.220001,2341200
"217",2017-08-05,1,27,178,13,16,1178,7356,486,0,0,0,0,6,5,12,69,0.160939130434783,23,2,0,0,0,0,0,0,0,31,2017,NA,NA
"218",2017-08-06,2,175,703,84,7,434,2158,224,0,0,0,0,51,44,91,1865,0.134816666666667,186,0,0,0,0,0,0,0,0,32,2017,NA,NA
"219",2017-08-07,3,537,2282,137,15,822,4207,337,0,0,0,0,22,19,40,217,0.160716049382716,81,2,0,0,0,0,0,0,0,32,2017,116.959999,1882900
"220",2017-08-08,4,605,1855,165,27,2949,19317,1316,0,0,0,0,6,5,12,25,0.181721739130435,23,4,0,0,0,0,0,0,0,32,2017,116.5,1329900
"221",2017-08-09,3,437,1425,132,33,3659,14036,998,0,0,0,0,3,1,3,8,0.135214285714286,7,1,0,0,0,0,0,0,0,32,2017,116.110001,1709400
"222",2017-08-10,8,6522,20090,991,26,9313,35131,1751,0,0,0,0,7,12,53,214,0.405726388888889,72,4,0,1,1,0,0,0,0,32,2017,113.989998,2950200
"223",2017-08-11,5,3122,11400,414,21,5188,20451,977,0,0,0,0,41,26,97,468,0.233323899371069,159,1,0,0,0,0,0,0,0,32,2017,115.449997,1584900
"224",2017-08-12,4,378,1507,144,15,1971,9050,729,0,0,0,0,66,34,97,983,0.0993213197969543,197,0,0,0,0,0,0,0,0,32,2017,NA,NA
"225",2017-08-13,7,1506,7005,475,16,3373,15838,788,0,0,0,0,101,45,171,769,0.134692744479495,317,0,0,0,0,0,0,0,0,33,2017,NA,NA
"226",2017-08-14,7,3015,13437,432,23,5314,22070,1250,0,0,0,0,14,4,29,64,0.223536170212766,47,4,0,0,0,0,0,0,0,33,2017,117.110001,2890000
"227",2017-08-15,6,450,1616,181,34,2084,9503,1394,0,0,0,0,55,60,143,1273,0.204859689922481,258,1,0,0,0,0,0,0,0,33,2017,117.43,1048100
"228",2017-08-16,2,47,331,33,48,2810,15339,2042,1,0,0,0,20,22,43,128,0.192194117647059,85,0,0,0,0,0,0,0,0,33,2017,119.25,2098200
"229",2017-08-17,6,507,2406,209,35,1316,7901,1124,1,0,0,0,31,51,62,645,0.129783333333333,144,5,0,0,0,0,0,0,0,33,2017,116.470001,1793900
"230",2017-08-18,6,2922,11893,403,24,5145,26537,1248,1,0,0,0,24,32,83,329,0.295510791366906,139,1,0,0,0,0,0,0,0,33,2017,116.879997,1911700
"231",2017-08-19,4,4014,9587,467,37,5941,17431,3625,1,12,160,5,6,13,19,239,0.200384210526316,38,1,0,0,1,0,0,0,0,33,2017,NA,NA
"232",2017-08-20,3,2751,10011,206,33,4009,16200,1463,1,35,175,11,1393,697,1689,79167,0.0506525271235777,3779,0,0,0,0,0,0,0,0,34,2017,NA,NA
"233",2017-08-21,11,1964,7295,818,107,6538,24375,2953,1,2,2,0,362,225,572,3601,0.119304486626402,1159,8,0,5,3,0,0,0,0,34,2017,116.839996,1848500
"234",2017-08-22,16,3224,11056,835,78,5926,23670,1352,2,1,1,0,157,176,400,2522,0.204045975443383,733,4,0,0,0,0,0,1,0,34,2017,119.029999,2512900
"235",2017-08-23,11,19815,29077,1574,63,22436,43350,2608,0,0,0,0,47,47,77,255,0.160221764705882,170,4,0,0,0,0,0,1,0,34,2017,118.18,1297800
"236",2017-08-24,7,978,4260,319,41,2703,13313,858,1,304,3907,66,75,70,185,3980,0.238120303030303,330,3,0,0,0,0,0,1,0,34,2017,117.82,1342800
"237",2017-08-25,15,3169,12662,1682,37,4798,21042,2174,11,938,8071,316,98,61,111,1495,-0.00087111111111111,270,1,0,1,0,1,0,1,0,34,2017,116.93,2206100
"238",2017-08-26,7,686,3773,383,33,6078,12352,896,2,0,1,0,14,8,18,71,0.0450825,40,0,0,0,0,0,0,1,0,34,2017,NA,NA
"239",2017-08-27,4,319,1705,258,26,1720,8766,633,0,0,0,0,3,3,4,9,0.10181,10,0,0,0,0,0,0,0,0,35,2017,NA,NA
"240",2017-08-28,7,3000,11967,566,22,3587,15399,729,2,2,23,2,5,0,10,18,0.234053333333333,15,2,0,0,0,0,0,0,0,35,2017,118.730003,1775200
"241",2017-08-29,3,258,1385,112,22,876,4765,468,0,0,0,0,2,0,4,5,0.193983333333333,6,2,0,1,0,0,0,0,0,35,2017,119.230003,1301300
"242",2017-08-30,3,98,378,72,21,2326,11839,941,0,0,0,0,1,2,5,12,0.44145,8,1,0,0,0,0,0,0,0,35,2017,121.970001,2193400
"243",2017-08-31,6,3170,15515,437,37,4529,22702,876,0,0,0,0,3,0,3,7,0.0384333333333334,6,2,0,0,0,0,0,0,0,35,2017,121.5,2617600
"244",2017-09-01,7,5614,16992,865,29,12521,24043,1214,0,0,0,0,3,5,9,7,0.259075,16,1,0,0,0,0,0,0,0,35,2017,119.309998,2751500
"245",2017-09-02,6,8485,15250,423,15,8947,17401,501,0,0,0,0,17,15,26,214,0.17492962962963,54,2,0,0,0,0,0,0,0,35,2017,NA,NA
"246",2017-09-03,1,30,108,20,7,764,3698,279,0,0,0,0,10,8,17,43,0.110295454545455,22,0,0,0,0,0,0,0,0,36,2017,NA,NA
"247",2017-09-04,6,5259,22642,1003,13,5679,25201,1114,1,0,0,0,0,1,5,7,0.4542,5,1,0,0,0,0,0,0,0,36,2017,NA,NA
"248",2017-09-05,9,8574,21315,1237,38,9902,27076,2051,0,0,0,0,3,1,10,13,0.168078571428571,14,0,0,0,0,0,0,0,0,36,2017,118.209999,2336300
"249",2017-09-06,11,1517,7327,864,26,2968,15652,1581,0,0,0,0,11,28,41,274,0.27778625,80,4,0,0,0,0,0,0,0,36,2017,117,1770600
"250",2017-09-07,10,1726,8494,798,22,2352,12122,1237,0,0,0,0,13,5,20,74,0.14874,35,2,0,0,0,0,0,0,0,36,2017,118.93,1810900
"251",2017-09-08,14,3362,17037,1652,42,8321,44300,2685,0,0,0,0,5,15,23,96,0.260172093023256,43,10,0,0,0,0,0,0,0,36,2017,118.279999,2424200
"252",2017-09-09,11,6773,7687,4690,34,6986,9054,4895,2,190,833,12,17,10,32,150,0.195906779661017,59,0,0,0,0,0,0,0,0,36,2017,NA,NA
"253",2017-09-10,6,1377,7737,589,17,1646,9463,737,0,0,0,0,14,24,43,454,0.225323456790123,81,0,0,0,0,0,0,0,0,37,2017,NA,NA
"254",2017-09-11,8,15433,35709,6019,32,16450,41191,6214,0,0,0,0,31,14,40,276,0.0372658823529412,85,1,0,0,0,0,0,0,0,37,2017,121.190002,2282100
"255",2017-09-12,20,3327,16333,973,150,4452,23005,1815,0,0,0,0,14,32,48,284,0.199790425531915,94,9,0,0,0,0,0,0,0,37,2017,120.410004,2659200
"256",2017-09-13,12,10177,12590,2584,106,17999,38807,3740,0,0,0,0,24,51,74,330,0.200928187919463,149,4,0,0,0,0,0,0,0,37,2017,119.599998,2515300
"257",2017-09-14,6,2510,3982,3298,22,3197,7355,3577,0,0,0,0,24,30,30,157,0.121535714285714,84,4,0,0,0,0,0,0,0,37,2017,119.190002,2543100
"258",2017-09-15,14,1639,9201,523,35,4575,19703,957,0,0,0,0,7,15,30,3122,0.197823076923077,52,1,0,2,1,2,0,0,0,37,2017,119.419998,3192000
"259",2017-09-16,4,314,1101,74,8,596,2246,186,0,0,0,0,96,138,322,4102,0.263983992805755,556,0,0,0,0,0,0,0,0,37,2017,NA,NA
"260",2017-09-17,5,764,3297,285,15,1289,5647,415,0,0,0,0,14,15,35,148,0.1756515625,64,0,0,0,0,0,0,0,0,38,2017,NA,NA
"261",2017-09-18,6,1479,6945,943,43,2901,13021,1358,0,0,0,0,12,25,29,123,0.150539393939394,66,3,0,0,0,0,0,0,0,38,2017,119.959999,2573700
"262",2017-09-19,7,1214,7883,740,39,2814,15264,1556,2,3,11,4,13,14,24,69,0.110017647058824,51,5,0,0,0,0,0,0,0,38,2017,120.209999,2237900
"263",2017-09-20,8,2187,10920,912,86,7480,28117,1695,1,0,3,0,9,10,18,43,0.214813513513514,37,4,0,0,0,0,0,0,0,38,2017,120.339996,2393300
"264",2017-09-21,9,3264,14528,995,31,4266,18471,1409,0,0,0,0,33,37,59,389,0.113280952380952,126,3,0,0,0,0,0,0,0,38,2017,118.019997,1914400
"265",2017-09-22,18,4477,17238,644,48,5773,23555,1087,0,0,0,0,55,35,66,276,0.0368129032258065,155,2,0,0,0,0,0,0,0,38,2017,118.5,2077300
"266",2017-09-23,10,3850,1773,342,20,4348,4934,475,0,0,0,0,15,8,16,51,0.0573641025641026,39,1,0,0,0,0,0,0,0,38,2017,NA,NA
"267",2017-09-24,3,3874,1452,186,13,4146,2409,297,0,0,0,0,24,15,25,356,0.089721875,64,0,0,0,0,0,0,0,0,39,2017,NA,NA
"268",2017-09-25,5,670,4183,609,43,2337,12637,1015,1,0,0,0,11,11,38,64,0.286831666666667,60,3,0,0,0,0,0,0,0,39,2017,114.199997,4113100
"269",2017-09-26,8,4866,17825,1103,66,10081,30647,2033,0,0,0,0,61,80,132,1130,0.174983882783883,273,0,0,0,1,0,0,0,0,39,2017,113.919998,2994400
"270",2017-09-27,9,3438,17139,1349,27,7840,38210,2420,0,0,0,0,68,70,159,773,0.193781071428571,280,1,0,0,0,0,0,0,0,39,2017,115.970001,1793200
"271",2017-09-28,15,9152,35901,3765,45,11167,44864,4155,0,0,0,0,24,48,78,346,0.231906015037594,133,4,0,0,0,0,0,0,0,39,2017,116.610001,1395600
"272",2017-09-29,17,2825,15549,718,45,4987,25301,1331,0,0,0,0,61,63,135,809,0.218309266409266,259,4,0,1,0,1,0,0,0,39,2017,118.059998,1743500
"273",2017-09-30,13,5543,20848,873,28,5886,23129,1051,1,2,14,0,159,180,260,6709,0.114237774030354,593,0,0,0,0,0,0,0,0,39,2017,NA,NA
"274",2017-10-01,11,4642,6992,544,24,4753,7742,668,0,0,0,0,273,137,482,10232,0.167708856502242,892,2,0,0,0,0,0,0,0,40,2017,NA,NA
"275",2017-10-02,7,2942,9146,818,17,4442,16095,1071,0,0,0,0,89,60,259,1175,0.2847425,400,5,0,0,0,0,0,0,0,40,2017,117.949997,1850700
"276",2017-10-03,7,10596,14182,884,19,11070,16257,1025,1,241,1146,59,71,78,154,797,0.156649494949495,297,0,0,0,0,0,0,0,0,40,2017,117.959999,1249700
"277",2017-10-04,13,3870,16629,1580,33,5291,25693,2443,1,271,1347,30,43,42,69,313,0.0995896103896104,154,5,0,0,0,0,0,0,0,40,2017,118.559998,1642400
"278",2017-10-05,14,4283,11441,842,46,5254,16131,1433,2,6,45,0,32,31,65,396,0.16702890625,128,2,0,0,0,0,0,0,0,40,2017,119.519997,1438900
"279",2017-10-06,13,3532,16453,1355,59,9877,24201,1900,0,0,0,0,68,67,129,1363,0.166457575757576,264,0,0,0,0,0,0,0,0,40,2017,120.089996,1912800
"280",2017-10-07,8,516,3362,256,22,1120,7291,446,1,48,508,23,133,89,219,2544,0.106107256235828,441,2,0,0,1,0,0,0,0,40,2017,NA,NA
"281",2017-10-08,9,1210,7712,705,14,1281,8465,888,2,46,369,9,196,150,305,4978,0.103116743471582,651,0,0,0,0,0,0,0,0,41,2017,NA,NA
"282",2017-10-09,10,6495,18239,1350,46,8374,27897,1922,0,0,0,0,259,167,434,6427,0.142294069767442,860,5,0,0,0,0,0,0,0,41,2017,118.620003,1516000
"283",2017-10-10,8,1851,8324,388,56,3793,16200,1256,0,0,0,0,222,96,374,3043,0.142068885672938,691,2,0,1,0,0,0,0,0,41,2017,117.82,1558200
"284",2017-10-11,10,5098,21768,1438,26,6500,30269,2462,0,0,0,0,26,11,54,653,0.212003296703297,91,4,0,0,0,0,0,0,0,41,2017,116.050003,3152800
"285",2017-10-12,17,3928,19263,1218,77,6732,37485,2728,2,95,305,23,212,153,343,5164,0.116850564971751,708,1,0,0,1,0,0,0,0,41,2017,117.139999,2046200
"286",2017-10-13,10,1828,6723,333,30,4229,20881,2713,1,0,2,1,331,219,549,8204,0.127966911090742,1091,0,0,0,0,0,0,0,0,41,2017,118.620003,1931200
"287",2017-10-14,4,511,3058,149,17,1714,8893,457,0,0,0,0,103,81,243,853,0.236297149643705,421,0,0,0,0,0,0,0,0,41,2017,NA,NA
"288",2017-10-15,4,611,2787,201,19,1049,4967,895,2,151,1392,9,49,35,189,1288,0.371977573529412,272,0,0,0,0,0,0,0,0,42,2017,NA,NA
"289",2017-10-16,4,189,707,77,21,1610,6597,430,0,0,0,0,29,29,64,278,0.175560655737705,122,3,0,0,0,0,0,0,0,42,2017,117.480003,2601800
"290",2017-10-17,12,752,3135,517,44,2083,7490,837,1,34,200,27,242,220,475,4480,0.161702486486486,925,11,0,0,0,0,0,0,0,42,2017,115.980003,3130300
"291",2017-10-18,8,2293,10494,812,20,3728,15290,1219,0,0,0,0,160,74,184,906,0.103586861313869,411,8,0,0,0,0,0,0,0,42,2017,113.160004,9784700
"292",2017-10-19,9,8657,8691,474,81,11319,19130,1057,0,0,0,0,45,50,76,220,0.119330994152047,171,2,0,0,1,0,0,0,0,42,2017,113.07,3183200
"293",2017-10-20,15,1833,7371,314,38,10778,46061,2176,1,0,0,0,55,40,72,392,0.0823790419161677,167,2,0,0,0,0,0,0,0,42,2017,113.620003,1988800
"294",2017-10-21,9,903,5259,260,35,3394,9968,782,0,0,0,0,26,11,23,97,-0.0406533333333333,60,0,0,0,0,0,0,0,0,42,2017,NA,NA
"295",2017-10-22,10,2520,4584,229,27,3128,6598,375,0,0,0,0,28,18,32,281,0.0240205128205128,78,0,0,0,0,0,0,0,0,43,2017,NA,NA
"296",2017-10-23,11,1709,6020,263,25,4969,23849,1095,1,6,33,0,7,4,12,57,0.217713043478261,23,2,0,0,0,0,0,0,0,43,2017,113.660004,2204700
"297",2017-10-24,8,673,2760,158,24,1797,6977,436,1,1,2,0,6,9,28,50,0.372351162790698,43,4,0,0,0,0,0,0,0,43,2017,113.389999,2006100
"298",2017-10-25,10,1663,7636,1126,42,6160,31912,3295,0,0,0,0,3,6,7,18,0.19169375,16,6,0,0,0,0,0,0,0,43,2017,114.559998,3205300
"299",2017-10-26,8,575,2354,284,79,3013,21530,3068,0,0,0,0,20,18,48,298,0.217803488372093,86,4,0,0,0,0,0,0,0,43,2017,115.830002,2453200
"300",2017-10-27,11,1521,7019,427,106,3483,13561,1083,0,0,0,0,12,11,16,185,-0.00142564102564103,39,2,0,1,0,0,0,0,0,43,2017,116.889999,2892000
"301",2017-10-28,7,1570,6950,199,19,2101,9436,334,0,0,0,0,49,28,62,851,0.0693107913669065,139,0,0,0,0,0,0,0,0,43,2017,NA,NA
"302",2017-10-29,5,1212,6336,260,25,2822,17304,1154,0,0,0,0,34,15,45,625,0.0971606382978723,94,1,0,0,0,0,0,0,0,44,2017,NA,NA
"303",2017-10-30,7,2544,6975,551,44,3240,10910,867,0,0,0,0,12,18,42,163,0.283661111111111,72,1,0,0,1,0,0,0,0,44,2017,117.580002,2614100
"304",2017-10-31,10,1774,9152,883,46,5791,23553,2106,0,0,0,0,20,5,30,98,0.105354545454545,55,28,1,1,0,0,0,0,0,44,2017,119.599998,5477400
"305",2017-11-01,10,4244,13776,1386,73,5946,22530,2715,1,451,2011,67,402,174,535,9492,0.0865422142214221,1111,18,0,1,0,0,1,0,0,44,2017,114.470001,9669200
"306",2017-11-02,14,4241,20423,1426,95,5629,27522,2549,1,0,0,0,92,77,165,1235,0.138779041916168,334,6,0,0,1,0,0,0,0,44,2017,112.690002,3438300
"307",2017-11-03,9,5217,18637,1003,99,10100,42454,3473,7,5980,19602,348,69,89,166,1473,0.20668843537415,294,1,0,1,0,0,0,0,0,44,2017,113.199997,2925300
"308",2017-11-04,14,2562,13740,467,55,2846,15061,707,5,265,5225,119,60,53,115,768,0.177543540669856,209,3,0,0,0,0,0,0,0,44,2017,NA,NA
"309",2017-11-05,11,1636,9194,269,48,2224,12196,576,4,74,2090,48,9,7,14,21,0.3115,15,0,0,0,0,0,0,0,0,45,2017,NA,NA
"310",2017-11-06,15,3315,11825,603,79,4423,19888,1381,0,0,0,0,19,14,36,362,0.152431746031746,63,2,0,0,0,0,0,0,0,45,2017,112.459999,3642500
"311",2017-11-07,22,5850,27263,1361,87,9820,47697,2580,0,0,0,0,25,29,43,197,0.0993876288659794,97,7,0,0,0,0,0,0,0,45,2017,111.699997,2830300
"312",2017-11-08,12,3512,15489,1256,55,6546,27723,2503,3,153,733,10,101,187,288,2534,0.176446006944444,576,3,0,1,1,0,0,0,0,45,2017,114.150002,3393900
"313",2017-11-09,15,2976,15795,721,109,7871,43488,3088,0,0,0,0,484,368,952,31301,0.159409290540541,1776,9,0,1,0,0,0,0,0,45,2017,111.889999,3445700
"314",2017-11-10,12,1905,9534,512,69,5553,27891,2539,8,55,754,8,567,302,937,4923,0.127857009345794,1605,12,0,2,0,1,0,0,0,45,2017,112.75,2534000
"315",2017-11-11,7,1186,7539,393,32,1791,11182,717,0,0,0,0,431,321,592,41467,0.0855723137254902,1275,0,0,0,0,0,0,0,0,45,2017,NA,NA
"316",2017-11-12,6,1146,5456,732,20,1413,7196,913,0,0,0,0,1710,952,2316,60301,0.0732760860820595,4972,0,0,0,0,0,0,0,0,46,2017,NA,NA
"317",2017-11-13,4,2722,10983,2817,19,2916,12510,2974,0,0,0,0,291,263,670,6873,0.219703473945409,1209,7,0,0,0,0,0,0,0,46,2017,112.010002,3168100
"318",2017-11-14,11,1467,7801,1245,38,2455,12399,1761,6,21,111,4,1286,686,1815,73341,0.0886730087324689,3779,5,0,0,0,0,0,0,0,46,2017,112.269997,3618000
"319",2017-11-15,10,2769,15743,2292,23,3089,18290,2491,4,418,2050,116,482,417,781,37282,0.115177378815081,1671,5,0,1,0,0,0,0,0,46,2017,111.480003,2585900
"320",2017-11-16,9,953,5502,1236,42,1624,9885,1683,6,34,347,10,1153,679,1668,57758,0.108214955676294,3497,4,0,0,0,0,0,0,0,46,2017,111.599998,2445800
"321",2017-11-17,17,44641,67499,8848,52,47278,81335,9669,9,93,647,34,569,437,804,7889,0.0730935355147646,1253,15,0,1,0,1,0,0,0,46,2017,108.82,8556400
"322",2017-11-18,7,7461,7041,868,27,8964,15225,1494,3,189,1970,50,628,518,823,68238,0.0546826630434783,1840,2,0,0,0,0,0,0,0,46,2017,NA,NA
"323",2017-11-19,8,7169,10180,906,22,8065,17637,1253,0,0,0,0,112,116,252,3797,0.151458823529412,476,0,0,0,0,0,0,0,0,47,2017,NA,NA
"324",2017-11-20,10,6105,6900,740,30,13942,19499,1691,0,0,0,0,203,255,460,13512,0.176897062146893,885,5,0,0,0,0,0,0,0,47,2017,107.639999,5974700
"325",2017-11-21,14,1323,5685,856,52,2174,11216,1314,5,16,66,4,403,374,767,8348,0.181249316851008,1537,0,0,0,0,0,0,0,0,47,2017,107.709999,3298400
"326",2017-11-22,7,2088,10379,1128,36,3618,18772,1823,0,0,0,0,408,406,711,27060,0.125958228684732,1513,4,0,0,0,0,0,0,0,47,2017,107.32,2558200
"327",2017-11-23,8,405,2320,291,56,3742,22522,1563,0,0,0,0,1015,863,1519,27827,0.0871481579722959,3393,6,0,0,0,0,0,0,0,47,2017,NA,NA
"328",2017-11-24,14,720,5329,1168,54,2934,26201,3276,7,24,51,3,202,287,531,2132,0.194926108374384,1015,0,0,0,0,0,0,0,0,47,2017,107.940002,1306300
"329",2017-11-25,3,602,3856,315,30,1716,14709,1593,1,32,258,6,86,54,152,3337,0.14987323943662,284,0,0,0,0,0,0,0,0,47,2017,NA,NA
"330",2017-11-26,5,838,5262,360,17,1305,7754,454,3,42,360,34,121,124,232,106424,0.131000436681223,458,0,0,0,0,0,0,0,0,48,2017,NA,NA
"331",2017-11-27,12,2025,10199,993,55,3215,21911,2820,3,6,180,1,1868,1499,2197,106422,0.0309145792034601,5549,2,0,0,0,0,0,0,0,48,2017,106.989998,2540100
"332",2017-11-28,11,7992,20332,1055,47,10375,29754,2843,7,141,813,22,88,68,160,467,0.134866129032258,310,5,0,0,0,0,0,0,0,48,2017,109.470001,5499400
"333",2017-11-29,11,1539,9352,1445,66,2048,11901,2259,1,2,41,2,308,187,407,14141,0.0579463414634146,902,2,0,0,0,0,0,0,0,48,2017,105.489998,5590700
"334",2017-11-30,7,367,3208,430,51,995,6634,787,0,0,0,0,407,230,509,27832,0.06200096069869,1145,5,0,0,0,0,0,0,0,48,2017,106.349998,5395200
"335",2017-12-01,13,1118,6633,557,58,7309,28855,2287,6,23,61,6,387,241,668,3767,0.157973549883991,1293,1,0,0,0,0,0,0,0,48,2017,106.019997,3859400
"336",2017-12-02,6,1109,2813,392,22,1314,4616,598,1,226,99,28,28,18,45,127,0.0975153846153846,91,0,0,0,0,0,0,0,0,48,2017,NA,NA
"337",2017-12-03,5,992,3861,256,20,2017,10670,773,2,6,62,3,23,17,71,441,0.342543564356436,101,0,0,0,0,0,0,0,0,49,2017,NA,NA
"338",2017-12-04,14,2293,11390,1165,23,3012,16575,1501,0,0,0,0,152,71,311,8452,0.209379734848485,528,7,0,0,0,0,0,0,0,49,2017,100.830002,6573200
"339",2017-12-05,10,1554,6873,701,25,3618,10268,2029,6,13,51,1,152,76,230,1759,0.123740707964602,452,3,0,0,0,0,0,0,1,49,2017,103.379997,4582300
"340",2017-12-06,13,2716,12060,1501,33,4308,21938,2691,1,0,1,0,10,10,16,149,0.089875,36,2,0,0,0,0,0,0,0,49,2017,103.18,4668400
"341",2017-12-07,13,5526,21203,1427,28,9370,38802,1892,1,0,9,1,197,264,301,2679,0.14646265060241,747,2,0,0,0,0,0,0,0,49,2017,104.370003,3590500
"342",2017-12-08,20,5284,25052,2511,56,6602,33444,3376,0,0,0,0,1102,1505,3252,49459,0.259041491722137,5859,7,0,0,0,0,0,0,0,49,2017,105.269997,3535400
"343",2017-12-09,10,1798,4094,1224,28,2640,11168,1592,0,0,0,0,71,79,250,861,0.287378920308483,389,0,0,0,0,0,0,0,0,49,2017,NA,NA
"344",2017-12-10,5,634,1926,273,27,4522,3803,1057,6,620,3842,91,29,22,75,191,0.232515315315315,111,0,0,0,0,0,0,0,0,50,2017,NA,NA
"345",2017-12-11,12,6038,9094,606,28,7424,16556,3091,0,0,0,0,18,22,58,6970,0.243504819277108,83,1,0,0,0,0,0,0,0,50,2017,107.919998,3998200
"346",2017-12-12,10,2621,11022,593,35,3414,15020,1806,0,0,0,0,122,150,357,13234,0.246592356687898,628,5,0,0,0,0,0,0,0,50,2017,107.660004,3880700
"347",2017-12-13,10,2890,16044,1371,31,3991,23647,2969,1,122,701,23,212,159,367,5860,0.132559023066486,737,5,0,1,0,0,0,0,0,50,2017,105.540001,3790100
"348",2017-12-14,9,925,4553,342,35,3839,9351,766,1,3,4,0,42,28,43,408,0.0147787610619469,113,4,0,0,0,0,0,0,0,50,2017,106.419998,2751200
"349",2017-12-15,16,4633,20266,966,50,8109,38602,2983,3,2,2,0,18,8,34,179,0.195971666666667,60,0,0,0,0,0,0,0,0,50,2017,109.279999,6107300
"350",2017-12-16,9,507,3711,406,23,4361,11930,973,0,0,0,0,9,4,8,23,-0.0740904761904762,21,0,0,0,0,0,0,0,0,50,2017,NA,NA
"351",2017-12-17,6,1355,6598,425,16,1942,11982,1016,7,174,603,20,75,63,111,2418,0.0781124497991968,249,0,0,0,0,0,0,0,0,51,2017,NA,NA
"352",2017-12-18,10,1402,7912,491,48,4881,19231,2183,0,0,0,0,22,8,28,200,0.041,58,2,0,0,0,0,0,0,0,51,2017,107.339996,4375300
"353",2017-12-19,8,675,2446,185,53,3113,12042,2818,5,81,693,27,3,2,16,29,0.372695238095238,21,2,0,0,0,0,0,0,0,51,2017,107,2077200
"354",2017-12-20,11,2543,11704,989,58,7912,18348,1756,1,7,53,1,22,13,56,500,0.319089010989011,91,1,0,0,0,0,0,0,0,51,2017,108.449997,2650400
"355",2017-12-21,11,941,3040,416,43,6122,16434,1329,2,22,128,5,18,7,51,112,0.294310869565217,46,5,0,0,0,0,0,0,0,51,2017,107.970001,2804400
"356",2017-12-22,9,791,3394,287,125,10466,9804,862,9,276,2060,65,14,16,24,75,0.080945652173913,46,1,0,0,0,0,0,0,0,51,2017,106.019997,2424600
"357",2017-12-23,8,8126,7718,475,26,11692,15796,823,1,0,5,0,2,13,57,245,0.449072727272727,66,0,0,0,0,0,0,0,0,51,2017,NA,NA
"358",2017-12-24,6,7568,6272,674,12,10468,7900,798,2,116,636,16,14,9,21,-3,0.157120454545455,44,0,0,0,0,0,0,0,0,52,2017,NA,NA
"359",2017-12-25,6,3742,4310,398,19,10947,11432,755,0,0,0,0,12,10,14,75,0.0698944444444444,36,0,0,0,0,0,0,0,0,52,2017,NA,NA
"360",2017-12-26,10,7676,8045,718,20,10309,13052,2800,0,0,0,0,16,14,33,228,0.213461904761905,63,1,0,0,0,0,0,0,0,52,2017,105.059998,1689900
"361",2017-12-27,9,1891,12055,1141,28,2500,19153,1931,1,0,5,0,9,13,44,110,0.343148484848485,66,0,0,0,0,0,0,0,0,52,2017,105.230003,2527500
"362",2017-12-28,12,579,4587,639,26,1186,9908,1521,0,0,0,0,149,100,460,8217,0.350495063469676,709,3,0,0,0,0,0,0,0,52,2017,105.309998,1438900
"363",2017-12-29,8,441,3899,334,17,717,6775,933,0,0,0,0,127,73,304,5470,0.244058051689861,503,0,0,0,0,0,0,0,0,52,2017,105.059998,2113600
"364",2017-12-30,5,455,3539,136,18,790,7954,1134,0,0,0,0,91,59,151,572,0.112220265780731,301,0,0,0,0,0,0,0,0,52,2017,NA,NA
"365",2017-12-31,8,825,5239,387,21,3167,18782,2910,2,37,235,3,47,50,166,887,0.274731939163498,263,0,0,0,0,0,0,0,0,53,2017,NA,NA
"366",2018-01-01,7,1060,5762,1069,22,3270,21188,3267,2,0,1,0,64,41,183,6566,0.287764236111111,288,1,0,0,0,0,0,0,0,1,2018,NA,NA
"367",2018-01-02,9,526,4460,599,24,1657,13256,1229,1,0,1,0,82,38,122,896,0.124924380165289,242,4,0,0,0,0,0,0,0,1,2018,109.449997,4599100
"368",2018-01-03,10,2773,18666,1983,17,3056,20442,2162,1,0,8,1,24,8,32,93,0.138459375,64,3,0,0,0,0,0,0,0,1,2018,109.75,3210600
"369",2018-01-04,8,634,3614,284,39,1355,8095,826,0,0,0,0,26,16,39,228,0.120154320987654,81,1,0,0,0,0,0,0,0,1,2018,107.190002,3777900
"370",2018-01-05,6,918,7066,1445,29,1949,13613,2076,0,0,0,0,11,13,23,67,0.173254347826087,46,4,0,0,0,0,0,0,0,1,2018,112.389999,5963000
"371",2018-01-06,7,860,5410,719,22,1418,9001,939,0,0,0,0,47,59,151,8153,0.283328793774319,257,1,0,0,0,0,0,0,0,1,2018,NA,NA
"372",2018-01-07,2,132,1372,60,12,3342,6177,276,0,0,0,0,13,10,44,356,0.30804328358209,67,0,0,0,0,0,0,0,0,1,2018,NA,NA
"373",2018-01-08,5,229,2741,400,22,5485,21087,2655,0,0,0,0,151,131,330,9308,0.223216503267974,612,2,0,0,0,0,0,0,0,2,2018,113.220001,4579100
"374",2018-01-09,9,767,4337,832,72,1797,11548,1890,0,0,0,0,166,111,383,1949,0.195660091047041,659,3,0,0,0,0,0,0,0,2,2018,112.18,4111700
"375",2018-01-10,6,1531,8845,757,21,2535,13088,1068,0,0,0,0,33,24,67,251,0.239989166666667,120,0,0,0,0,0,0,0,0,2,2018,112.25,2493600
"376",2018-01-11,10,564,3386,393,105,2044,11225,1030,1,4,17,7,10,12,26,48,0.232689361702128,47,1,0,0,0,0,0,0,0,2,2018,112,2788800
"377",2018-01-12,12,557,4199,342,65,2078,15142,944,1,1,6,2,15,20,30,91,0.155061538461538,65,7,0,0,0,0,0,0,0,2,2018,113.129997,3467400
"378",2018-01-13,4,626,3610,263,23,885,5068,397,0,0,0,0,6,10,16,56,0.179371875,32,1,0,0,0,0,0,0,0,2,2018,NA,NA
"379",2018-01-14,4,402,1183,94,18,1525,3023,220,0,0,0,0,13,14,15,69,0.068747619047619,42,0,0,0,0,0,0,0,0,2,2018,NA,NA
"380",2018-01-15,10,339,2380,250,37,11352,50130,3182,0,0,0,0,12,10,36,94,0.239175862068966,58,0,0,0,0,0,0,0,0,3,2018,NA,NA
"381",2018-01-16,8,726,5257,498,57,5523,31146,2030,0,0,0,0,9,4,14,177,0.137222222222222,27,0,0,0,0,0,0,0,0,3,2018,111.919998,3570800
"382",2018-01-17,12,1862,10521,853,31,4958,30936,2116,1,0,1,0,26,30,73,250,0.20466036036036,111,1,0,0,0,0,0,0,0,3,2018,113.139999,2709000
"383",2018-01-18,7,605,4117,197,36,3886,25280,1182,0,0,0,0,3,3,10,12,0.259863636363636,11,6,0,0,0,0,0,0,0,3,2018,115.279999,4353800
"384",2018-01-19,13,1017,6191,415,40,3204,19832,1092,0,0,0,0,73,69,144,1197,0.151432867132867,286,2,0,0,0,0,0,0,0,3,2018,116.18,3534200
"385",2018-01-20,9,491,3505,177,27,3339,13195,621,0,0,0,0,24,25,51,392,0.26413,100,0,0,0,0,0,0,0,0,3,2018,NA,NA
"386",2018-01-21,2,179,1198,117,10,417,2426,329,0,0,0,0,5,8,22,49,0.301011428571429,35,0,0,0,0,0,0,0,0,3,2018,NA,NA
"387",2018-01-22,11,797,4697,1726,27,1311,8974,2027,0,0,0,0,4,5,9,19,0.177506666666667,15,2,0,0,0,0,0,0,0,4,2018,117.989998,4235800
"388",2018-01-23,9,209,1438,168,54,1476,9883,875,0,0,0,0,50,53,100,754,0.177479310344828,203,1,0,0,0,0,0,0,0,4,2018,117.669998,3449700
"389",2018-01-24,10,2022,11268,881,29,3937,25606,2082,0,0,0,0,21,14,55,115,0.283228888888889,90,10,0,0,0,0,0,0,0,4,2018,114.660004,6553600
"390",2018-01-25,9,365,2268,312,42,1770,11775,1048,0,0,0,0,19,12,29,161,0.174786666666667,60,1,0,0,0,0,0,0,0,4,2018,114.5,3457700
"391",2018-01-26,7,427,1974,154,66,4744,27110,2855,0,0,0,0,37,34,62,508,0.116411278195489,133,3,0,1,0,0,0,0,0,4,2018,115.199997,3417600
"392",2018-01-27,2,230,1310,53,24,4264,26305,2932,0,0,0,0,19,36,76,331,0.281417557251908,131,0,0,0,0,0,0,0,0,4,2018,NA,NA
"393",2018-01-28,11,2682,18181,1183,30,7071,47286,3253,0,0,0,0,7,11,16,74,0.141723529411765,34,0,0,0,0,0,0,0,0,4,2018,NA,NA
"394",2018-01-29,5,2126,6198,304,19,3361,17070,1720,0,0,0,0,16,6,13,158,-0.11558,35,5,0,1,0,0,0,0,0,5,2018,117.650002,6486500
"395",2018-01-30,8,3757,5841,1817,24,5418,13979,2646,1,53,828,29,101,138,303,2546,0.241171402214022,542,19,1,1,0,0,0,0,0,5,2018,118.699997,8493600
"396",2018-01-31,11,5893,12588,3776,54,7585,22243,4353,1,0,0,0,354,266,446,17043,0.0570288679245283,1060,37,0,0,0,0,0,0,0,5,2018,126.959999,14727300
"397",2018-02-01,7,2283,7007,1285,29,5236,16318,1858,0,0,0,0,75,57,152,410,0.191687676056338,284,6,0,0,0,0,0,0,0,5,2018,128.179993,6297200
"398",2018-02-02,12,2704,16776,1290,43,5478,30491,2384,1,7,3,0,23,16,70,330,0.308237614678899,109,5,0,1,1,1,0,0,0,5,2018,124.529999,6471200
"399",2018-02-03,2,143,965,74,19,1543,2111,171,0,0,0,0,13,19,41,411,0.249517808219178,73,2,0,0,0,0,0,0,0,5,2018,NA,NA
"400",2018-02-04,2,22,211,96,3,457,1567,125,0,0,0,0,34,32,35,1000,-0.0416613861386139,101,0,0,0,0,0,0,0,0,5,2018,NA,NA
"401",2018-02-05,2,34,221,42,23,1461,8336,440,1,50,293,6,82,31,116,3004,0.130145414847162,229,2,0,0,0,0,0,0,0,6,2018,121.639999,4533400
"402",2018-02-06,6,1038,2593,132,41,2556,13637,1047,0,0,0,0,93,83,193,1328,0.190655284552846,369,0,0,0,0,0,0,0,0,6,2018,123.129997,4652300
"403",2018-02-07,11,2661,15565,843,35,3400,21283,1409,2,48,510,19,29,24,77,349,0.228407692307692,130,1,0,0,0,0,0,0,0,6,2018,123.050003,4066900
"404",2018-02-08,3,315,3733,86,28,1406,13929,734,0,0,0,0,35,22,50,561,0.088860396039604,101,5,0,0,0,0,0,0,0,6,2018,116.540001,5478900
"405",2018-02-09,8,586,3788,624,28,1980,15429,1428,3,15,140,13,64,56,128,808,0.191401913875598,209,5,0,0,0,0,0,0,0,6,2018,120.639999,5945100
"406",2018-02-10,4,324,2865,549,14,1446,8761,879,0,0,0,0,3,25,28,87,0.230294,50,0,0,0,0,0,0,0,0,6,2018,NA,NA
"407",2018-02-11,4,160,1206,94,13,333,2094,191,0,0,0,0,7,18,26,119,0.28705,50,0,0,0,0,0,0,0,0,6,2018,NA,NA
"408",2018-02-12,2,59,662,65,26,1540,11222,1123,2,0,0,0,2,1,15,29,0.380523529411765,17,1,0,0,0,0,0,0,0,7,2018,122.220001,3695100
"409",2018-02-13,5,966,1981,868,22,1835,7605,1421,0,0,0,0,18,14,26,331,0.1188,58,0,0,0,0,0,0,0,0,7,2018,122.279999,2388700
"410",2018-02-14,12,1558,9829,1034,42,3278,18401,1462,0,0,0,0,35,31,48,913,0.0092646017699115,113,1,0,0,0,0,0,0,0,7,2018,123.769997,4293400
"411",2018-02-15,11,436,3706,206,59,2446,21418,1239,0,0,0,0,13,10,37,177,0.283428333333333,60,0,0,0,0,0,0,0,0,7,2018,126.480003,3207100
"412",2018-02-16,10,1264,7176,612,65,3127,19191,1377,0,0,0,0,16,18,64,528,0.324866326530612,98,5,0,1,1,1,0,0,0,7,2018,126.019997,3214500
"413",2018-02-17,6,538,4085,457,34,1598,11623,1126,0,0,0,0,47,43,107,952,0.224995939086294,197,0,0,0,0,0,0,0,0,7,2018,NA,NA
"414",2018-02-18,5,207,1455,97,33,1137,10087,608,0,0,0,0,12,14,26,99,0.191767307692308,52,0,0,0,0,0,0,0,0,7,2018,NA,NA
"415",2018-02-19,5,68,625,152,49,1153,10982,941,0,0,0,0,35,30,81,586,0.248669166666667,120,1,0,0,0,0,0,0,0,8,2018,NA,NA
"416",2018-02-20,6,252,1837,306,33,7829,25297,2721,0,0,0,0,319,291,786,6287,0.220516618911175,1396,1,0,1,0,0,0,0,0,8,2018,126.339996,2540600
"417",2018-02-21,4,1185,7274,696,17,1591,11054,1293,0,0,0,0,92,71,165,590,0.212023475609756,328,1,0,0,0,0,0,0,0,8,2018,124.900002,3191000
"418",2018-02-22,6,262,2773,140,32,1849,15920,1377,0,0,0,0,19,36,69,326,0.271587903225806,124,2,0,0,0,0,0,0,0,8,2018,124.610001,1919700
"419",2018-02-23,2,252,2554,291,29,4299,33525,3356,0,0,0,0,68,72,222,2968,0.300920498614958,361,2,0,0,0,0,0,0,0,8,2018,127.099998,2476900
"420",2018-02-24,5,613,5281,303,13,3097,17083,1000,0,0,0,0,76,36,171,689,0.232948409893993,283,1,0,0,0,0,0,0,0,8,2018,NA,NA
"421",2018-02-25,2,116,907,106,9,1306,13119,656,0,0,0,0,15,9,19,48,0.0465627906976744,43,0,0,0,0,0,0,0,0,8,2018,NA,NA
"422",2018-02-26,18,265,1762,255,40,1008,8468,563,0,0,0,0,24,27,36,143,0.103604597701149,87,3,0,0,0,0,0,0,0,9,2018,128.570007,2877800
"423",2018-02-27,6,780,6141,672,21,1186,9352,1133,0,0,0,0,68,70,173,3475,0.222338585209003,311,1,0,0,0,0,0,0,0,9,2018,125.800003,3158800
"424",2018-02-28,6,221,1335,395,14,905,7982,682,0,0,0,0,11,10,28,61,0.2626,49,0,0,0,0,0,0,0,0,9,2018,123.699997,3496000
"425",2018-03-01,5,459,4033,338,24,2118,17505,1215,0,0,0,0,8,8,28,78,0.337611363636364,44,2,0,0,0,0,0,0,0,9,2018,122.169998,3919200
"426",2018-03-02,8,727,4144,477,21,2144,15266,1601,0,0,0,0,5,5,28,194,0.377081578947368,38,6,0,0,0,0,0,0,0,9,2018,125.089996,2935800
"427",2018-03-03,6,393,2502,234,14,1817,13914,1400,0,0,0,0,51,30,159,3006,0.334615416666667,240,1,0,0,0,0,0,0,0,9,2018,NA,NA
"428",2018-03-04,2,139,1062,73,9,688,4131,438,0,0,0,0,94,39,250,803,0.272168882978723,376,0,0,0,0,0,0,0,0,9,2018,NA,NA
"429",2018-03-05,7,244,1310,324,22,3551,17102,1482,0,0,0,0,17,17,72,155,0.313590588235294,85,0,0,0,0,0,0,0,0,10,2018,126.099998,1642500
"430",2018-03-06,10,228,1459,251,59,2359,11971,1001,1,4,8,0,5,5,13,64,0.0772045454545455,22,2,0,0,0,0,0,0,0,10,2018,124.550003,2269300
"431",2018-03-07,11,1206,8306,999,20,1656,12052,1301,0,0,0,0,3,10,15,67,0.339592307692308,26,1,0,1,0,0,0,0,0,10,2018,127.169998,2679300
"432",2018-03-08,10,829,5392,382,35,2941,20344,4237,1,3,2,0,3,2,5,10,0.0526,10,7,0,1,0,0,0,0,0,10,2018,128.820007,3693600
"433",2018-03-09,7,3191,15568,873,20,6045,32356,2017,0,0,0,0,2,0,5,9,0.462214285714286,7,8,0,0,0,0,0,0,0,10,2018,128.490005,2647500
"434",2018-03-10,2,31,264,252,12,586,2124,365,0,0,0,0,21,26,64,578,0.27423963963964,111,0,0,0,0,0,0,0,0,10,2018,NA,NA
"435",2018-03-11,1,10,138,189,14,2390,2005,293,0,0,0,0,4,4,8,281,0.1,16,0,0,0,0,0,0,0,0,10,2018,NA,NA
"436",2018-03-12,5,147,1164,468,12,318,2752,553,0,0,0,0,59,59,137,3929,0.193240316205534,253,1,0,0,0,0,0,0,0,11,2018,128.119995,2341100
"437",2018-03-13,8,218,1863,516,25,1830,6868,914,0,0,0,0,70,75,119,1480,0.122507575757576,264,2,0,0,0,0,0,0,0,11,2018,126.57,2948600
"438",2018-03-14,5,1223,8090,1069,30,3055,18352,1358,0,0,0,0,71,78,163,2567,0.197329487179487,312,0,0,0,0,0,0,0,0,11,2018,127.970001,3579500
"439",2018-03-15,7,611,4029,317,25,1940,15492,1211,0,0,0,0,35,34,77,519,0.175906164383562,146,2,0,0,0,0,0,0,0,11,2018,129.119995,2690700
"440",2018-03-16,6,1442,6372,849,24,7618,44299,2836,0,0,0,0,50,47,80,4443,0.0922502824858757,177,11,0,0,0,0,0,0,0,11,2018,128.520004,4187200
"441",2018-03-17,1,437,3075,157,15,3323,19697,807,0,0,0,0,366,268,505,9585,0.0861581722319859,1138,2,0,0,0,0,0,0,0,11,2018,NA,NA
"442",2018-03-18,1,31,141,72,2,63,354,149,0,0,0,0,64,37,195,2634,0.283756989247312,279,0,0,0,0,0,0,0,0,11,2018,NA,NA
"443",2018-03-19,5,240,1495,316,13,840,4966,540,0,0,0,0,67,124,240,5460,0.267491346153846,416,1,0,0,0,0,0,0,0,12,2018,125.440002,3207700
"444",2018-03-20,6,697,4057,373,17,1251,9309,1113,1,2,10,1,157,221,539,4709,0.275899014238773,913,3,0,0,0,0,0,0,0,12,2018,126.849998,1960100
"445",2018-03-21,8,2589,14930,1931,32,4812,31759,2546,0,0,0,0,85,79,161,2464,0.155446273291925,322,1,0,0,1,0,0,0,0,12,2018,126,2050100
"446",2018-03-22,9,319,2567,339,31,3162,21538,1530,2,13,38,3,196,123,348,3960,0.1645035982009,667,2,0,0,0,0,0,0,0,12,2018,122.980003,2727000
"447",2018-03-23,8,1621,8784,1033,21,3612,23451,1499,1,7,51,2,135,194,436,8092,0.248902875816993,765,3,0,1,0,1,0,0,0,12,2018,121.440002,2645800
"448",2018-03-24,2,388,2741,169,15,1468,12685,706,0,0,0,0,201,217,514,6117,0.229740086206897,928,0,0,0,0,0,0,0,0,12,2018,NA,NA
"449",2018-03-25,3,207,2286,200,8,343,3292,304,0,0,0,0,133,186,437,2012,0.267760132450331,755,0,0,0,0,0,0,0,0,12,2018,NA,NA
"450",2018-03-26,6,233,979,285,26,1945,8656,763,0,0,0,0,51,66,193,934,0.302182580645161,310,2,0,0,0,0,0,0,0,13,2018,126.440002,2654800
"451",2018-03-27,3,118,1168,96,25,1590,10169,876,0,0,0,0,53,94,143,444,0.231601136363636,264,1,0,0,0,0,0,0,0,13,2018,119.980003,3142400
"452",2018-03-28,3,1432,9493,1033,9,1736,11963,1183,1,0,1,0,30,25,123,898,0.370442441860465,172,1,0,0,0,0,0,0,0,13,2018,119.330002,3304300
"453",2018-03-29,4,77,604,78,12,753,4081,274,0,0,0,0,16,34,71,230,0.273989256198347,121,0,0,0,0,0,0,0,0,13,2018,121.239998,2809700
"454",2018-03-30,6,595,4759,458,10,649,5248,522,0,0,0,0,34,37,73,264,0.22725625,144,1,0,0,0,0,0,0,0,13,2018,NA,NA
"455",2018-03-31,0,0,0,0,18,623,2566,280,0,0,0,0,9,12,26,59,0.263953191489362,47,0,0,0,0,0,0,0,0,13,2018,NA,NA
"456",2018-04-01,2,203,1754,177,7,787,5108,340,0,0,0,0,13,25,68,229,0.325443396226415,106,1,0,0,0,0,0,0,0,13,2018,NA,NA
"457",2018-04-02,3,50,357,79,12,685,5993,480,0,0,0,0,9,9,28,146,0.256297826086957,46,1,0,0,0,0,0,0,0,14,2018,118.720001,2610600
"458",2018-04-03,5,343,1942,345,17,9071,58848,2081,0,0,0,0,22,37,97,485,0.333803205128205,156,1,0,0,0,0,0,0,0,14,2018,119.510002,2378100
"459",2018-04-04,3,901,6255,615,9,1277,10108,1040,0,0,0,0,35,22,98,452,0.307993548387097,155,5,0,0,0,0,0,0,0,14,2018,120.110001,3623800
"460",2018-04-05,6,276,2164,298,20,1625,12304,1519,0,0,0,0,33,15,97,672,0.312058620689655,145,1,0,0,0,0,0,0,0,14,2018,121.230003,2915200
"461",2018-04-06,9,407,3563,319,29,1873,14917,847,0,0,0,0,21,21,68,232,0.249308181818182,110,1,0,0,0,0,0,0,0,14,2018,118.360001,2472900
"462",2018-04-07,1,57,174,21,17,1191,5582,233,0,0,0,0,7,8,11,56,0.105696153846154,26,0,0,0,0,0,0,0,0,14,2018,NA,NA
"463",2018-04-08,1,26,92,22,15,284,2691,190,0,0,0,0,4,2,12,18,0.153846153846154,13,0,0,0,0,0,0,0,0,14,2018,NA,NA
"464",2018-04-09,5,139,2000,225,16,1589,12991,964,0,0,0,0,8,4,29,167,0.357678048780488,41,0,0,0,0,0,0,0,0,15,2018,118.860001,2572100
"465",2018-04-10,4,197,1133,119,15,1301,9228,1092,0,0,0,0,16,14,49,163,0.299825316455696,79,0,0,1,0,0,0,0,0,15,2018,120.709999,2975600
"466",2018-04-11,5,920,5519,668,26,1603,11773,1371,0,0,0,0,28,32,66,753,0.149792857142857,126,1,0,0,0,0,0,0,0,15,2018,118.779999,2455200
"467",2018-04-12,7,193,873,125,34,1551,13618,1021,0,0,0,0,52,49,157,1048,0.286078039215686,255,10,0,1,0,0,0,0,0,15,2018,121.089996,2498700
"468",2018-04-13,9,5016,24721,1430,28,6898,42244,3079,0,0,0,0,25,25,95,4079,0.36803724137931,145,6,0,0,0,0,0,0,0,15,2018,120.529999,2165100
"469",2018-04-14,2,80,354,39,20,1494,13615,1227,0,0,0,0,76,68,252,3156,0.32060404040404,396,0,0,0,0,0,0,0,0,15,2018,NA,NA
"470",2018-04-15,4,531,4516,217,52,7841,39478,3162,0,0,0,0,75,73,167,2023,0.201486666666667,315,0,0,0,0,0,0,0,0,15,2018,NA,NA
"471",2018-04-16,5,555,3903,237,26,1363,10016,831,0,0,0,0,36,30,55,1848,0.120668333333333,120,0,0,0,0,0,0,0,0,16,2018,122.190002,1849400
"472",2018-04-17,8,455,3004,245,31,1543,10834,833,1,1,1,0,74,35,88,784,0.0432117346938775,196,1,0,0,0,0,0,0,0,16,2018,124.309998,2304700
"473",2018-04-18,5,1389,9279,976,20,2694,16351,1187,0,0,0,0,18,15,45,162,0.269354545454545,77,2,0,0,0,0,0,0,0,16,2018,124.93,1432900
"474",2018-04-19,6,569,5400,251,23,1140,8740,499,0,0,0,0,46,37,169,910,0.392044841269841,252,5,0,0,0,0,0,0,0,16,2018,123.110001,3081700
"475",2018-04-20,3,51,314,40,21,1760,15344,924,0,0,0,0,9,4,28,61,0.337880487804878,41,1,0,0,0,0,0,0,0,16,2018,120.889999,2753100
"476",2018-04-21,3,65,292,37,12,502,2903,186,0,0,0,0,4,10,23,91,0.334461111111111,36,0,0,0,0,0,0,0,0,16,2018,NA,NA
"477",2018-04-22,1,4111,19030,475,18,6412,25442,666,0,0,0,0,10,4,11,30,0.022355,20,0,0,0,0,0,0,0,0,16,2018,NA,NA
"478",2018-04-23,4,197,1736,95,29,402,3577,204,0,0,0,0,40,55,114,1135,0.215433492822967,209,1,0,0,0,0,0,0,0,17,2018,119.599998,1822400
"479",2018-04-24,5,353,2751,114,26,2841,9835,1456,0,0,0,0,124,117,310,3910,0.197360980036298,551,3,0,0,0,0,0,0,0,17,2018,118.589996,3010300
"480",2018-04-25,6,734,5036,433,21,4028,10340,868,0,0,0,0,44,40,101,303,0.180401621621622,185,0,0,0,0,0,0,0,0,17,2018,116.68,3027800
"481",2018-04-26,10,368,2484,193,53,7529,23691,1331,0,0,0,0,15,23,38,191,0.170069736842105,76,0,0,0,0,0,0,0,0,17,2018,119.599998,3162100
"482",2018-04-27,3,252,2212,211,60,10141,49057,2287,0,0,0,0,37,20,56,245,0.109340707964602,113,3,0,0,0,0,0,0,0,17,2018,117.470001,2536000
"483",2018-04-28,0,0,0,0,14,3843,7640,1130,0,0,0,0,10,5,28,71,0.281148837209302,43,0,0,0,0,0,0,0,0,17,2018,NA,NA
"484",2018-04-29,0,0,0,0,10,847,8445,642,0,0,0,0,6,11,26,39,0.300758139534884,43,0,0,0,0,0,0,0,0,17,2018,NA,NA
"485",2018-04-30,7,13217,36607,2155,25,13793,39931,2328,0,0,0,0,8,10,22,329,0.28218,40,2,0,1,0,0,0,0,0,18,2018,117.980003,2227800
"486",2018-05-01,6,551,4892,783,27,5094,29638,1826,0,0,0,0,67,55,149,1448,0.220958302583026,271,6,0,0,0,0,0,0,0,18,2018,119.830002,2345900
"487",2018-05-02,4,671,5604,819,23,1275,10683,1123,0,0,0,0,18,17,41,142,0.208839473684211,76,1,0,0,0,0,0,0,0,18,2018,118.940002,2399900
"488",2018-05-03,6,1188,5504,1464,27,2718,15266,2129,0,0,0,0,18,70,67,580,0.227737419354839,155,1,0,0,0,0,0,0,0,18,2018,120.169998,11445500
"489",2018-05-04,3,404,2248,201,38,8102,56572,3773,0,0,0,0,2,7,5,15,0.193857142857143,14,7,0,0,0,0,0,0,0,18,2018,123.639999,3909200
"490",2018-05-05,2,187,3050,108,10,4510,5825,241,0,0,0,0,8,16,18,82,0.203297619047619,42,0,0,0,0,0,0,0,0,18,2018,NA,NA
"491",2018-05-06,2,65,377,15,12,1176,8444,197,0,0,0,0,15,5,19,117,0.102689743589744,39,0,0,0,0,0,0,0,0,18,2018,NA,NA
"492",2018-05-07,3,20,171,28,25,701,4142,207,0,0,0,0,36,29,45,502,0.05249,110,2,0,0,0,0,0,0,0,19,2018,123.919998,3177800
"493",2018-05-08,3,108,720,36,22,755,5498,269,0,0,0,0,40,14,60,1012,0.0841526315789474,114,27,1,1,0,0,0,0,0,19,2018,123.889999,4446800
"494",2018-05-09,8,1328,8340,973,25,2816,23144,1496,0,0,0,0,34,13,53,282,0.106327,100,22,0,0,0,0,0,0,0,19,2018,131.009995,7595100
"495",2018-05-10,1,7,52,8,10,395,1665,267,0,0,0,0,11,3,21,56,0.16846,35,1,0,0,0,0,0,0,0,19,2018,133.759995,4610300
"496",2018-05-11,1,8,59,23,19,1495,12561,759,0,0,0,0,14,8,25,50,0.187646808510638,47,1,0,0,0,0,0,0,0,19,2018,132.809998,4364200
"497",2018-05-12,0,0,0,0,9,1419,12367,593,0,0,0,0,7,13,19,85,0.200171794871795,39,0,0,0,0,0,0,0,0,19,2018,NA,NA
"498",2018-05-13,2,22,144,14,5,370,2511,61,0,0,0,0,7,14,23,79,0.255152272727273,44,1,0,0,0,0,0,0,0,19,2018,NA,NA
"499",2018-05-14,0,0,0,0,9,1487,10404,421,0,0,0,0,28,25,30,244,0.00191566265060242,83,1,0,0,0,0,0,0,0,20,2018,132.529999,2280200
"500",2018-05-15,4,105,536,72,31,1442,13953,924,0,0,0,0,41,59,140,914,0.302251785714286,224,2,0,0,0,0,0,0,0,20,2018,130.110001,2107300
"501",2018-05-16,6,20001,58183,3047,18,20599,62756,3273,0,0,0,0,30,16,52,149,0.112061176470588,85,7,0,0,0,0,0,0,1,20,2018,130.860001,1842300
"502",2018-05-17,2,30,166,18,22,1171,9473,556,0,0,0,0,16,16,21,119,0.0932358490566038,53,4,0,0,0,0,0,0,0,20,2018,130.809998,2773900
"503",2018-05-18,3,390,4566,306,13,2496,21981,1082,0,0,0,0,11,16,41,315,0.247035294117647,68,3,0,0,0,0,1,0,0,20,2018,132,2989200
"504",2018-05-19,5,723,4942,382,13,2165,17318,1141,0,0,0,0,22,19,36,123,0.103098701298701,77,1,0,0,0,0,0,0,0,20,2018,NA,NA
"505",2018-05-20,1,10,82,11,12,1052,6730,336,0,0,0,0,14,5,38,173,0.313673684210526,57,0,0,0,0,0,0,0,0,20,2018,NA,NA
"506",2018-05-21,3,8147,20781,2100,24,8986,29852,2714,0,0,0,0,7,2,3,13,-0.237308333333333,12,2,0,0,0,0,0,0,0,21,2018,132.910004,2088400
"507",2018-05-22,1,16,120,8,22,2818,19354,1046,3,210,6549,76,236,286,481,5774,0.158731605184447,1003,9,0,1,0,0,0,0,0,21,2018,132.179993,1709900
"508",2018-05-23,23,17921,53883,4309,92,23294,82423,5980,0,0,0,0,58,50,111,371,0.184206392694064,219,12,0,1,0,0,0,0,0,21,2018,133.5,2002000
"509",2018-05-24,13,3244,19504,1380,69,4424,27223,1809,1,0,0,0,698,415,830,25801,0.0509696860524961,1943,7,0,2,0,0,0,0,0,21,2018,131.479996,3319300
"510",2018-05-25,12,2019,8621,906,102,6154,35683,2665,0,0,0,0,98,85,132,443,0.0577587301587302,315,4,0,1,0,0,0,0,0,21,2018,131.850006,1459300
"511",2018-05-26,9,2610,19791,935,89,9738,60693,2824,0,0,0,0,458,230,388,10155,-0.0511843866171004,1076,0,0,0,0,0,0,0,0,21,2018,NA,NA
"512",2018-05-27,4,462,2375,225,77,1100,9087,654,0,0,0,0,118,60,109,511,-0.0273881533101045,287,0,0,0,0,0,0,0,0,21,2018,NA,NA
"513",2018-05-28,11,1019,9039,742,117,7495,47309,3502,0,0,0,0,1410,620,1233,48726,-0.0420099601593625,3263,0,0,0,0,0,0,0,0,22,2018,NA,NA
"514",2018-05-29,9,2904,13273,2632,113,5422,38127,7500,0,0,0,0,535,259,527,7743,-0.0119687358062074,1321,3,0,0,0,0,0,0,0,22,2018,131.25,1750100
"515",2018-05-30,14,1158,11334,2504,146,1912,19121,3987,1,0,2,0,173,106,225,921,0.0570816367265469,501,3,0,0,0,0,0,0,0,22,2018,131.369995,1395000
"516",2018-05-31,8,1545,9448,833,72,2111,15066,1202,0,0,0,0,36,18,63,140,0.150163636363636,99,2,0,0,0,0,0,0,0,22,2018,130.910004,2516500
"517",2018-06-01,11,1939,15373,973,79,4078,30026,1768,0,0,0,0,60,28,79,1249,0.0893149068322981,161,9,0,0,0,0,0,0,0,22,2018,135.690002,2909600
"518",2018-06-02,3,183,2172,130,18,1043,11507,760,0,0,0,0,8,8,15,46,0.134583333333333,30,0,0,0,0,0,0,0,0,22,2018,NA,NA
"519",2018-06-03,5,1231,9479,552,23,4183,24788,1526,0,0,0,0,16,15,31,54,0.141648387096774,62,0,0,0,0,0,0,0,0,22,2018,NA,NA
"520",2018-06-04,2,1178,4947,124,76,2009,10537,496,0,0,0,0,16,12,29,191,0.152561403508772,57,0,0,0,0,0,0,0,0,23,2018,134.660004,2470000
"521",2018-06-05,1,449,4324,385,46,689,6992,592,0,0,0,0,5,2,15,31,0.315668181818182,22,2,0,0,0,0,0,0,0,23,2018,136.960007,2645200
"522",2018-06-06,6,3089,20604,2038,36,3521,25207,2432,0,0,0,0,12,12,26,208,0.117554,50,2,0,0,0,0,0,0,0,23,2018,136.940002,2915000
"523",2018-06-07,3,6228,22082,1189,48,7000,29251,1697,0,0,0,0,31,24,53,272,0.127012037037037,108,1,0,0,0,0,1,0,0,23,2018,136.910004,2481600
"524",2018-06-08,5,1497,5049,391,53,2443,11680,816,0,0,0,0,29,28,54,546,0.150605405405405,111,3,0,0,0,0,0,0,0,23,2018,137.869995,3494500
"525",2018-06-09,22,35347,106988,5594,182,49960,169173,9034,0,0,0,0,47,63,135,1507,0.245860169491525,236,9,0,6,5,1,0,0,0,23,2018,NA,NA
"526",2018-06-10,21,4071,19237,944,154,7526,39727,1991,3,4,13,1,7538,5074,10505,521107,0.0779985315333883,19408,5,0,0,0,0,0,0,0,23,2018,NA,NA
"527",2018-06-11,11,838,4928,336,97,1532,11158,666,0,0,0,0,796,714,1366,18763,0.118741619156214,2631,15,0,0,0,0,0,0,0,24,2018,139.160004,5073200
"528",2018-06-12,7,2131,10441,410,64,3960,23277,974,1,1,0,0,148,94,212,577,0.135129397590361,415,4,0,0,0,0,0,1,1,24,2018,139.779999,2902100
"529",2018-06-13,6,1233,6568,279,57,2150,14717,667,0,0,0,0,57,71,157,427,0.200831726907631,249,5,0,0,0,0,0,1,0,24,2018,143.279999,6432900
"530",2018-06-14,7,1359,7003,428,63,3761,29565,1840,0,0,0,0,64,65,92,421,0.0648873096446701,197,5,0,0,0,0,0,1,0,24,2018,144.389999,4558800
"531",2018-06-15,8,813,5149,193,60,10737,54710,1761,0,0,0,0,26,34,48,181,0.135168421052632,95,4,0,0,0,0,1,0,0,24,2018,146.649994,3943800
"532",2018-06-16,3,532,5828,151,19,3550,24564,818,0,0,0,0,40,11,49,286,0.0548263157894737,95,3,0,0,0,0,0,0,0,24,2018,NA,NA
"533",2018-06-17,7,1941,14033,696,27,6031,42332,2276,1,0,2,0,60,65,123,213,0.120504651162791,215,0,0,0,0,0,0,0,0,24,2018,NA,NA
"534",2018-06-18,9,1335,9443,1747,34,3655,30826,2693,0,0,0,0,70,61,102,1939,0.0654687224669604,227,7,0,0,0,0,0,0,0,25,2018,144.860001,2890200
"535",2018-06-19,9,1320,11035,779,95,3895,31738,1829,0,0,0,0,44,45,106,566,0.202904615384615,195,1,0,0,0,0,0,0,0,25,2018,143.089996,4117800
"536",2018-06-20,5,366,2573,220,62,3668,32595,2248,0,0,0,0,39,57,92,1062,0.186953513513514,185,1,0,1,0,0,0,0,0,25,2018,143.539993,1935800
"537",2018-06-21,9,2732,10843,1214,59,12185,39536,2857,0,0,0,0,79,64,136,629,0.12659304029304,273,0,0,0,1,0,0,0,0,25,2018,143.149994,1536000
"538",2018-06-22,12,3364,10716,6696,56,5692,32930,8148,0,0,0,0,21,22,83,262,0.325833333333333,123,14,0,1,0,0,0,0,0,25,2018,141.259995,3053000
"539",2018-06-23,5,739,5124,805,37,4027,32099,1735,0,0,0,0,9,16,27,56,0.2218,51,0,0,0,0,0,0,0,0,25,2018,NA,NA
"540",2018-06-24,2,117,523,451,18,1953,16054,1221,6,0,0,0,6,4,16,32,0.19434375,16,1,0,0,0,0,0,0,0,25,2018,NA,NA
"541",2018-06-25,5,353,2206,289,23,1355,10892,892,0,0,0,0,5,8,17,40,0.241723333333333,30,5,0,0,0,0,0,0,0,26,2018,140.520004,2574200
"542",2018-06-26,7,1581,5532,282,52,5317,30255,1601,0,0,0,0,7,15,30,65,0.358490196078431,51,1,0,1,0,0,0,0,0,26,2018,140.369995,2691200
"543",2018-06-27,7,1454,6200,450,47,2947,18379,1429,2,0,0,0,4,9,33,91,0.362223913043478,46,2,0,0,0,0,0,0,0,26,2018,137.75,2541800
"544",2018-06-28,10,628,3421,330,47,2296,13033,836,9,12,143,5,57,64,111,1033,0.178232599118943,227,4,0,0,0,0,0,0,0,26,2018,140.630005,2708200
"545",2018-06-29,12,687,3923,503,90,6285,32375,2514,6,75,1418,46,179,126,286,2697,0.0942402097902098,572,3,0,0,0,0,0,0,0,26,2018,141.020004,2371200
"546",2018-06-30,2,138,725,38,60,5911,41840,1272,0,0,0,0,80,53,139,2197,0.155566911764706,272,0,0,0,0,0,0,0,0,26,2018,NA,NA
"547",2018-07-01,3,228,1289,96,41,3128,23816,879,0,0,0,0,18,20,34,111,0.159186111111111,72,0,0,0,0,0,0,0,0,26,2018,NA,NA
"548",2018-07-02,11,1322,8798,652,71,5480,40789,1811,13,100,1915,27,7,8,24,43,0.2116,39,2,0,0,0,0,0,0,0,27,2018,143.479996,1872100
"549",2018-07-03,13,1110,5020,375,70,4469,30238,1525,0,0,0,0,31,35,71,691,0.217062773722628,137,3,0,1,0,0,0,0,0,27,2018,141.229996,1168800
"550",2018-07-04,16,1070,7242,809,38,2258,15202,1151,0,0,0,0,72,58,165,1321,0.212043416370107,281,0,0,0,0,0,0,0,0,27,2018,NA,NA
"551",2018-07-05,4,393,3365,443,34,1113,9310,746,0,0,0,0,17,13,49,135,0.274810126582278,79,1,0,2,0,0,0,0,0,27,2018,143.229996,1266600
"552",2018-07-06,3,218,1022,158,31,3090,25076,1198,1,0,3,1,56,52,85,2029,0.114564248704663,193,3,0,0,0,0,0,0,0,27,2018,145.100006,1628500
"553",2018-07-07,4,695,2578,193,26,2959,23134,993,0,0,0,0,36,38,103,596,0.252048571428571,175,0,0,0,0,0,0,0,0,27,2018,NA,NA
"554",2018-07-08,2,58,269,25,9,361,1445,71,1,28,134,2,47,51,83,304,0.110364640883978,181,0,0,0,0,0,0,0,0,27,2018,NA,NA
"555",2018-07-09,5,271,1305,144,20,407,2363,196,0,0,0,0,6,10,21,50,0.271267567567568,37,9,0,1,0,0,0,0,0,28,2018,144.639999,2041900
"556",2018-07-10,12,1163,5619,371,61,4063,25824,1489,0,0,0,0,32,42,104,740,0.253549438202247,178,6,0,0,1,0,0,0,0,28,2018,144.190002,1716000
"557",2018-07-11,5,203,1096,174,53,3232,23282,1686,0,0,0,0,27,27,62,333,0.191140594059406,101,5,0,0,0,0,0,0,0,28,2018,145.720001,2057200
"558",2018-07-12,3,97,437,50,44,726,5532,532,0,0,0,0,5,9,30,63,0.4139125,40,4,0,0,0,0,0,0,0,28,2018,148.610001,1903400
"559",2018-07-13,14,874,4310,325,34,1531,9932,629,0,0,0,0,4,11,18,39,0.263972727272727,33,3,0,0,0,0,0,0,0,28,2018,148.729996,2108600
"560",2018-07-14,4,709,4552,130,14,1317,8904,240,0,0,0,0,3,10,27,43,0.290542105263158,38,0,0,0,0,0,0,0,0,28,2018,NA,NA
"561",2018-07-15,2,674,6095,191,21,8616,47614,1784,0,0,0,0,22,41,68,917,0.239802290076336,131,0,0,0,0,0,0,0,0,28,2018,NA,NA
"562",2018-07-16,12,4428,18998,423,47,5090,23454,1285,0,0,0,0,11,11,12,86,0.0224647058823529,34,0,0,0,0,0,0,0,0,29,2018,146.679993,1917700
"563",2018-07-17,4,1787,13435,456,27,2298,17916,626,0,0,0,0,29,48,72,1154,0.192579865771812,149,4,0,0,0,0,0,0,0,29,2018,148.740005,2478100
"564",2018-07-18,6,3448,12685,756,55,5145,24632,1531,0,0,0,0,4,20,31,73,0.302607272727273,55,2,0,1,0,0,0,0,0,29,2018,148.929993,2486800
"565",2018-07-19,5,791,3512,384,39,890,4772,511,0,0,0,0,31,39,47,402,0.111994545454545,110,1,0,0,0,0,0,0,0,29,2018,147.960007,1645500
"566",2018-07-20,10,2125,11053,722,48,2749,18485,1012,0,0,0,0,66,62,165,557,0.215705460750853,293,5,0,1,1,0,0,0,0,29,2018,147.479996,2153700
"567",2018-07-21,2,234,951,43,6,786,8072,535,0,0,0,0,6,5,15,34,0.230634615384615,26,0,0,0,0,0,0,0,0,29,2018,NA,NA
"568",2018-07-22,1,123,402,26,3,199,1292,56,0,0,0,0,27,20,266,372,0.608719808306709,313,0,0,0,0,0,0,0,0,29,2018,NA,NA
"569",2018-07-23,3,190,846,61,14,1466,6801,310,0,0,0,0,20,31,113,659,0.389781707317073,164,4,0,0,0,0,0,0,0,30,2018,146.559998,2226900
"570",2018-07-24,9,2011,9241,379,34,2835,18406,1040,1,1,2,0,28,27,65,364,0.178185833333333,120,3,0,0,0,0,0,0,0,30,2018,144.320007,3880200
"571",2018-07-25,4,2556,10153,873,23,3213,16593,1305,0,0,0,0,12,14,42,156,0.228258823529412,68,5,0,0,0,0,0,0,0,30,2018,146.5,2944900
"572",2018-07-26,7,599,2383,290,20,1194,10282,1089,1,149,970,31,5,3,4,24,-0.0663916666666667,12,23,1,1,1,0,0,0,0,30,2018,141.899994,6273500
"573",2018-07-27,14,2018,9332,671,49,3079,20102,1241,1,378,1284,52,108,133,216,2640,0.166922538293217,457,19,0,0,0,0,0,0,0,30,2018,133.809998,11612100
"574",2018-07-28,3,292,1257,121,17,585,5266,411,0,0,0,0,185,118,226,5014,0.0595826086956522,529,1,0,0,0,0,0,0,0,30,2018,NA,NA
"575",2018-07-29,3,110,701,292,8,274,2771,511,0,0,0,0,47,37,68,275,0.068352,150,0,0,0,0,0,0,0,0,30,2018,NA,NA
"576",2018-07-30,7,1000,4833,409,26,1662,9937,934,0,0,0,0,92,73,258,9915,0.296644549763033,422,6,0,1,0,0,0,0,0,31,2018,126.209999,9488300
"577",2018-07-31,11,1321,8040,695,54,3807,22789,1581,0,0,0,0,14,8,44,145,0.35574696969697,66,4,0,0,0,0,0,0,0,31,2018,128.75,6231300
"578",2018-08-01,16,29510,16538,1501,63,30283,23841,2063,0,0,0,0,20,23,34,127,0.104765789473684,76,7,0,0,0,0,0,0,0,31,2018,127.480003,4863900
"579",2018-08-02,12,4820,18883,961,58,6566,32097,2116,0,0,0,0,79,53,167,1119,0.247006688963211,299,1,0,0,0,0,0,0,0,31,2018,128.649994,3535300
"580",2018-08-03,7,2258,11797,751,44,4748,27064,1964,0,0,0,0,19,25,28,95,0.0877569444444444,72,3,0,0,0,0,0,0,0,31,2018,130.869995,5456500
"581",2018-08-04,18,18395,85508,3765,32,19719,94072,4325,0,0,0,0,22,13,34,331,0.151679710144928,69,1,0,0,0,0,0,0,0,31,2018,NA,NA
"582",2018-08-05,5,1085,9771,538,17,1908,20403,1494,0,0,0,0,51,39,88,1680,0.177406179775281,178,0,0,0,0,0,0,0,0,31,2018,NA,NA
"583",2018-08-06,9,2967,12828,800,44,3042,13453,882,1,0,2,0,46,46,150,968,0.285413636363636,242,3,0,1,0,0,0,0,0,32,2018,129.029999,3366600
"584",2018-08-07,18,19572,26032,11318,129,20480,33011,12302,2,2,1,0,26,18,87,509,0.260042342342342,111,1,0,0,0,0,0,0,0,32,2018,128.100006,3858900
"585",2018-08-08,6,4178,7362,3693,93,5316,19811,4898,0,0,0,0,84,40,140,1086,0.130579924242424,264,2,0,0,0,0,0,0,0,32,2018,128.410004,2740000
"586",2018-08-09,13,10520,17503,7242,75,13389,23431,7696,1,6,16,1,28,20,46,140,0.165052127659574,94,0,0,0,0,0,0,0,0,32,2018,127.82,4261100
"587",2018-08-10,9,7016,27500,1421,49,8893,36131,2063,3,65,589,24,9,36,42,136,0.179559770114943,87,9,0,1,0,1,0,0,0,32,2018,131.320007,5190400
"588",2018-08-11,6,931,3748,411,14,1360,10049,866,0,0,0,0,7056,3951,6819,836590,-0.0107129137215303,17826,1,0,0,0,0,0,0,0,32,2018,NA,NA
"589",2018-08-12,2,339,1430,294,9,588,3102,441,0,0,0,0,1784,1010,1921,12797,0.0113062354188759,4715,0,0,0,0,0,0,0,0,32,2018,NA,NA
"590",2018-08-13,4,576,2205,334,35,1276,7833,591,2,2,31,2,84,80,136,561,0.0906547297297297,296,0,0,1,0,0,0,0,0,33,2018,131.320007,4636100
"591",2018-08-14,10,2357,13957,902,28,2865,19515,1290,2,3,19,0,129,96,181,1765,0.0972410447761194,402,9,0,0,0,0,0,0,0,33,2018,131.910004,3052900
"592",2018-08-15,7,232,1406,142,21,2404,10366,711,0,0,0,0,63,37,91,239,0.0912209677419355,186,3,0,0,1,0,0,0,0,33,2018,128.050003,5484700
"593",2018-08-16,7,8000,23936,1342,44,9257,30837,1685,2,1,12,1,97,38,107,849,0.0420916666666667,240,1,0,0,0,0,0,0,0,33,2018,129.710007,4673400
"594",2018-08-17,6,3611,15484,1034,28,5667,20914,1275,0,0,0,0,46,50,98,417,0.17470206185567,194,5,0,0,1,0,0,0,0,33,2018,128.009995,3805600
"595",2018-08-18,6,888,5683,236,20,1635,11052,453,0,0,0,0,21,16,30,96,0.115868656716418,67,0,0,0,0,0,0,0,0,33,2018,NA,NA
"596",2018-08-19,0,0,0,0,4,580,4481,387,1,1,1,0,37,41,68,989,0.0878390410958904,146,0,0,0,0,0,0,0,0,33,2018,NA,NA
"597",2018-08-20,16,3956,16860,1641,41,4547,20562,1880,6,19,285,9,26,19,30,143,0.01302,75,7,0,1,0,0,0,0,0,34,2018,127.709999,3625400
"598",2018-08-21,14,6259,21758,1535,30,8011,29878,2241,2,0,1,0,49,56,85,2248,0.111437894736842,190,1,0,0,0,0,0,1,0,34,2018,126.760002,5814300
"599",2018-08-22,16,1951,13929,983,41,4112,25565,1679,0,0,0,0,246,177,332,3231,0.0763133774834437,755,1,0,0,0,0,0,1,0,34,2018,127.620003,6609700
"600",2018-08-23,15,659,3456,350,33,1022,6069,839,0,0,0,0,60,34,109,364,0.135,203,4,0,0,1,0,0,1,0,34,2018,126.110001,4468200
"601",2018-08-24,24,6948,38730,1529,73,7925,46305,2089,2,0,14,2,8,11,15,141,0.141314814814815,27,2,0,0,0,0,0,1,0,34,2018,128.970001,3483300
"602",2018-08-25,16,1963,9302,641,28,3705,19910,914,2,1,42,12,117,98,154,1306,0.0542373983739837,369,0,0,0,0,0,0,1,0,34,2018,NA,NA
"603",2018-08-26,11,470,2499,487,17,8450,41300,1408,1,2,7,0,17,31,75,355,0.319510569105691,123,2,0,0,0,0,0,0,0,34,2018,NA,NA
"604",2018-08-27,0,0,0,0,1,14,108,34,0,0,0,0,21,2,18,79,-0.0902853658536585,41,1,0,0,0,0,0,0,0,35,2018,128.970001,2404600
"605",2018-08-28,7,654,4424,738,24,1958,10208,1070,0,0,0,0,42,37,60,432,0.123284782608696,138,10,0,0,0,0,0,0,0,35,2018,127.790001,2418700
"606",2018-08-29,6,562,4170,359,23,2509,14814,998,1,0,0,0,9,16,45,96,0.336514285714286,70,1,0,0,0,0,0,0,0,35,2018,128.520004,3138100
"607",2018-08-30,20,6261,25546,1944,33,6303,25878,1962,0,0,0,0,43,77,68,860,0.0784143617021277,188,28,0,1,0,0,0,0,0,35,2018,115.940002,19585500
"608",2018-08-31,12,3043,16086,1067,38,4381,25599,1596,0,0,0,0,69,38,62,331,0.0182692307692308,169,38,0,0,0,0,0,0,0,35,2018,113.410004,9652900
"609",2018-09-01,9,678,3414,226,29,1159,6158,374,1,1,1,0,16,15,32,132,0.119193617021277,47,1,0,0,0,0,0,0,0,35,2018,NA,NA
"610",2018-09-02,5,365,1879,401,19,1036,5663,613,0,0,0,0,14,12,31,101,0.178549122807018,57,0,0,0,0,0,0,0,0,35,2018,NA,NA
"611",2018-09-03,10,6039,11131,9067,48,7223,16958,10430,1,1,6,1,27,27,49,146,0.164985148514851,101,0,0,0,0,0,0,0,0,36,2018,NA,NA
"612",2018-09-04,16,7300,22163,5223,67,7976,26585,5990,0,0,0,0,54,57,69,377,0.0655188888888889,180,2,0,0,1,0,0,0,0,36,2018,113.519997,5245500
"613",2018-09-05,37,30752,192959,10544,87,31303,195820,10852,0,0,0,0,87,110,144,2301,0.090233431085044,341,3,0,0,0,0,0,0,0,36,2018,111.550003,4311100
"614",2018-09-06,27,9344,57572,4333,71,11124,66307,5154,0,0,0,0,255,149,384,4038,0.0938951776649746,788,4,0,0,0,0,0,0,0,36,2018,113.199997,6382600
"615",2018-09-07,32,4933,22836,4571,189,6439,36713,5498,9,41,194,11,196,145,300,2100,0.102517940717629,641,1,0,1,0,1,0,0,0,36,2018,114.910004,5742500
"616",2018-09-08,17,4184,13610,3873,25,4623,20485,4136,8,17,184,9,156,140,171,1510,0.026141113490364,467,1,0,0,0,0,0,0,0,36,2018,NA,NA
"617",2018-09-09,10,1574,8658,649,17,1718,10792,747,3,22,589,20,57,50,69,419,0.0774181818181818,176,0,0,0,0,0,0,0,0,36,2018,NA,NA
"618",2018-09-10,17,1946,16340,1856,152,2296,19703,2312,1,10,237,15,30,37,71,180,0.151487313432836,134,1,0,0,0,0,0,0,0,37,2018,113.209999,4424900
"619",2018-09-11,12,11256,29171,2042,47,11704,32821,2358,0,0,0,0,2447,1693,3336,126880,0.0769238018741633,7470,6,0,0,0,0,0,0,0,37,2018,112.290001,4217300
"620",2018-09-12,19,5393,17309,1926,78,6657,27022,2813,0,0,0,0,374,186,461,1889,0.0546988246816846,1021,0,0,0,0,0,0,0,0,37,2018,113,3068300
"621",2018-09-13,13,4761,23816,1337,55,6012,32981,2156,0,0,0,0,196,117,288,1025,0.122668552412646,601,2,0,0,1,0,0,0,0,37,2018,113.839996,2506600
"622",2018-09-14,24,1006,7721,957,78,1816,14517,1414,2,263,3038,141,55,40,70,297,0.0804187878787879,165,7,0,1,1,1,0,0,0,37,2018,114.269997,3207500
"623",2018-09-15,13,377,3115,261,28,1097,9336,651,0,0,0,0,3,2,10,20,0.187306666666667,15,0,0,0,0,0,0,0,0,37,2018,NA,NA
"624",2018-09-16,7,1033,3429,504,22,1181,4690,590,0,0,0,0,13,5,32,74,0.18982,50,0,0,0,0,0,0,0,0,37,2018,NA,NA
"625",2018-09-17,8,581,5140,337,32,2268,14480,722,0,0,0,0,21,10,55,193,0.232543023255814,86,2,0,0,0,0,0,0,0,38,2018,112.690002,3516000
"626",2018-09-18,14,6466,30935,1507,40,6955,34867,1799,0,0,0,0,27,23,41,157,0.0996538461538461,91,1,0,0,1,0,0,0,0,38,2018,112.650002,3448400
"627",2018-09-19,11,6460,30676,4670,31,6905,35077,5005,1,8,18,2,9,13,16,27,0.0944684210526316,38,2,0,0,0,0,0,0,0,38,2018,112.919998,3013200
"628",2018-09-20,14,2256,11960,915,46,2457,13727,1062,0,0,0,0,54,47,125,1169,0.164000442477876,226,2,0,0,0,0,0,0,0,38,2018,113.470001,3747000
"629",2018-09-21,9,1092,6678,443,27,1325,8917,555,0,0,0,0,43,13,70,271,0.1868448,125,4,0,0,0,0,0,0,0,38,2018,115.019997,7421800
"630",2018-09-22,6,584,5116,385,16,890,8116,430,1,1,3,0,25,21,32,267,0.131024324324324,74,0,0,0,0,0,0,0,0,38,2018,NA,NA
"631",2018-09-23,7,770,3684,448,23,961,5106,541,0,0,0,0,21,27,41,149,0.117618823529412,85,0,0,0,0,0,0,0,0,38,2018,NA,NA
"632",2018-09-24,7,1630,13958,2416,17,2098,17660,2644,0,0,0,0,20,55,60,271,0.176527611940299,134,2,0,0,0,0,0,0,0,39,2018,115.239998,2831500
"633",2018-09-25,8,436,2707,461,65,2087,15249,1275,0,0,0,0,59,103,125,1551,0.142974216027875,287,1,0,0,0,0,0,0,0,39,2018,116.25,2591100
"634",2018-09-26,12,2717,10387,1424,87,3850,18797,1985,1,4,39,1,64,65,169,906,0.230586912751678,298,0,0,0,0,0,0,0,0,39,2018,118.089996,5062600
"635",2018-09-27,10,496,2025,198,99,1398,10441,788,0,0,0,0,46,35,74,370,0.135824516129032,155,0,0,0,0,0,0,0,0,39,2018,119.379997,3290000
"636",2018-09-28,21,3376,25802,1665,57,3939,31027,2040,2,7,48,3,32,52,64,528,0.089972602739726,146,1,0,1,0,1,0,0,0,39,2018,120.489998,3904900
"637",2018-09-29,6,140,1315,180,9,286,2612,370,0,0,0,0,20,30,43,184,0.13075376344086,93,0,0,0,0,0,0,0,0,39,2018,NA,NA
"638",2018-09-30,6,365,2329,398,11,415,2933,556,2,5,67,0,188,132,331,12185,0.145882949308756,651,0,0,0,0,0,0,0,0,39,2018,NA,NA
"639",2018-10-01,6,505,5330,491,21,1330,12491,1074,1,1,0,0,65,74,158,784,0.196367697594502,291,0,0,0,0,0,0,0,0,40,2018,117.550003,5741600
"640",2018-10-02,15,8591,10709,2965,52,9188,15331,3386,0,0,0,0,25,14,59,178,0.220995918367347,98,4,0,2,0,0,0,0,0,40,2018,117.050003,4160100
"641",2018-10-03,23,4890,16035,2202,82,5918,25360,2973,1,3,3,0,12,8,31,76,0.276206,50,2,0,0,0,0,0,0,0,40,2018,116.389999,3632600
"642",2018-10-04,27,8682,18045,1222,78,10138,27360,2217,1,0,0,0,19,17,39,599,0.182326666666667,75,5,0,1,0,0,0,0,0,40,2018,114.010002,5235500
"643",2018-10-05,16,1332,11586,843,54,2785,22658,1470,1,0,0,0,55,39,112,374,0.185762621359223,206,7,0,1,0,0,0,0,0,40,2018,113.730003,3571400
"644",2018-10-06,5,1047,8400,658,29,1307,10560,820,0,0,0,0,12,13,16,69,0.0605463414634146,41,0,0,0,0,0,0,0,0,40,2018,NA,NA
"645",2018-10-07,19,537,4287,438,44,945,6527,591,1,1,1,0,14,22,19,127,0.057756862745098,51,0,0,0,0,0,0,0,0,40,2018,NA,NA
"646",2018-10-08,6,688,7176,948,35,1304,11131,1236,0,0,0,0,4,6,14,27,0.2901375,24,5,0,0,0,0,0,0,0,41,2018,110.620003,4784400
"647",2018-10-09,15,1073,9676,901,36,1395,12633,1122,0,0,0,0,28,35,68,561,0.171928244274809,131,3,0,2,0,0,0,0,0,41,2018,109.489998,5238500
"648",2018-10-10,14,2710,17593,1624,61,4663,33082,2786,0,0,0,0,20,23,28,167,0.155261971830986,71,7,0,0,0,0,0,0,0,41,2018,105.150002,7443800
"649",2018-10-11,5,439,4685,575,35,2085,16695,1290,1,0,0,0,13,11,31,112,0.216627272727273,55,0,0,0,0,0,0,0,0,41,2018,103.599998,6251700
"650",2018-10-12,12,889,8793,689,57,2530,17257,1176,0,0,0,0,17,8,29,66,0.110598113207547,53,2,0,0,0,0,0,0,0,41,2018,106.099998,5384500
"651",2018-10-13,5,54,373,56,23,183,1077,100,1,1,1,0,11,16,33,165,0.265566666666667,60,0,0,0,0,0,0,0,0,41,2018,NA,NA
"652",2018-10-14,6,159,905,192,24,384,2466,298,0,0,0,0,15,18,27,96,0.145558333333333,60,1,0,0,0,0,0,0,0,41,2018,NA,NA
"653",2018-10-15,7,2605,11759,1635,33,5104,24311,2276,3,5,55,13,11,12,27,151,0.15874,50,2,0,0,0,0,0,0,0,42,2018,105.879997,2602000
"654",2018-10-16,22,3394,15053,1424,255,4045,20957,2092,0,0,0,0,63,69,101,1546,0.110627896995708,233,3,0,0,1,0,0,0,0,42,2018,107.419998,5441900
"655",2018-10-17,14,4478,17024,2232,180,4761,20896,2560,1,0,0,0,18,23,52,183,0.197381720430108,93,0,0,0,0,0,0,0,0,42,2018,108.790001,3196200
"656",2018-10-18,18,3241,29091,1042,138,3969,35251,1515,0,0,0,0,22,10,37,610,0.178315942028986,69,3,0,0,0,0,0,0,0,42,2018,105.800003,4731800
"657",2018-10-19,18,2951,20848,1364,93,5874,39569,2807,1,1,1,0,18,25,42,193,0.152784705882353,85,5,0,0,0,0,0,0,0,42,2018,102.110001,5432300
"658",2018-10-20,6,786,4524,511,16,1391,9618,722,1,0,0,0,13,45,58,134,0.227756896551724,116,0,0,0,0,0,0,0,0,42,2018,NA,NA
"659",2018-10-21,9,706,7290,645,23,1107,9436,833,1,0,0,0,20,34,60,244,0.19919203539823,113,0,0,0,0,0,0,0,0,42,2018,NA,NA
"660",2018-10-22,17,1302,8656,1032,56,1681,11263,1204,0,0,0,0,23,17,32,99,0.0779942857142857,70,4,0,0,0,0,0,0,0,43,2018,101.360001,4983100
"661",2018-10-23,17,4826,18367,3074,46,5121,20931,3305,0,0,0,0,4,13,7,47,0.11125,24,5,0,0,0,0,0,0,0,43,2018,99.089996,6842900
"662",2018-10-24,7,2704,11889,2121,62,4886,30197,3541,0,0,0,0,26,44,52,247,0.175222131147541,122,6,0,0,0,0,0,0,0,43,2018,96.25,4851800
"663",2018-10-25,12,650,5397,494,69,1797,16345,1177,0,0,0,0,15,20,31,132,0.154495454545455,66,5,0,0,0,0,0,0,0,43,2018,98.639999,5610900
"664",2018-10-26,25,3157,25724,1774,100,4349,36098,2685,0,0,0,0,8,21,21,96,0.076032,50,4,0,0,0,0,0,0,0,43,2018,96.220001,4263500
"665",2018-10-27,1,150,637,14,5,258,1930,149,0,0,0,0,7,5,22,57,0.243955882352941,34,0,0,0,0,0,0,0,0,43,2018,NA,NA
"666",2018-10-28,7,412,2400,247,33,760,5125,464,1,0,0,0,6,3,10,41,0.1723,19,1,0,0,0,0,0,0,0,43,2018,NA,NA
"667",2018-10-29,13,1359,11271,1127,31,1637,15262,1479,0,0,0,0,162,233,292,6585,0.117123289665211,687,12,0,0,0,0,0,0,0,44,2018,91.190002,9957000
"668",2018-10-30,15,3290,11548,676,56,4627,17299,1280,0,0,0,0,88,75,195,2478,0.204176536312849,358,47,1,2,0,0,0,0,1,44,2018,94.830002,6678700
"669",2018-10-31,10,2068,13828,1460,78,3811,24962,2353,2,2,50,0,11,16,44,102,0.309118309859155,71,14,0,0,0,0,0,0,0,44,2018,90.980003,17510800
"670",2018-11-01,16,2853,12945,954,94,5135,33838,5499,0,0,0,0,1,4,4,9,0.1029,9,6,0,0,0,0,0,0,0,44,2018,94.199997,5444200
"671",2018-11-02,9,389,2556,207,67,3099,28386,2671,1,0,0,0,3,6,6,6,0.192666666666667,15,4,0,0,0,0,0,0,0,44,2018,92.459999,5325300
"672",2018-11-03,1,66,607,48,28,1548,15213,908,0,0,0,0,12,9,28,169,0.248414285714286,49,0,0,0,0,0,0,0,0,44,2018,NA,NA
"673",2018-11-04,4,369,1794,378,26,1431,12085,2891,1,26,56,4,5,5,6,35,0.1857375,16,0,0,0,0,0,0,0,0,44,2018,NA,NA
"674",2018-11-05,7,384,3172,912,31,2163,21155,4224,0,0,0,0,11,5,22,38,0.280564,25,9,0,1,0,0,0,0,0,45,2018,92.690002,4163800
"675",2018-11-06,14,3468,18980,2229,59,6245,35251,4392,0,0,0,0,18,17,32,312,0.153268181818182,66,2,0,0,0,0,0,0,0,45,2018,92.230003,4121700
"676",2018-11-07,12,1945,16236,2105,61,13758,44959,5066,0,0,0,0,77,74,172,1260,0.194679876160991,323,1,0,0,0,0,0,0,0,45,2018,93.800003,7249200
"677",2018-11-08,16,2882,17948,1526,59,4058,25177,1916,2,0,8,0,66,47,117,658,0.173564347826087,230,4,0,0,0,0,0,0,0,45,2018,93.870003,5045800
"678",2018-11-09,29,6685,52912,2634,131,9488,67151,4233,1,1,1,0,44,68,124,331,0.215981779661017,236,3,0,1,1,0,0,0,0,45,2018,88.889999,7236500
"679",2018-11-10,4,867,10914,490,8,945,12174,579,1,29,51,5,41,42,95,351,0.216141573033708,178,2,0,0,0,0,0,0,0,45,2018,NA,NA
"680",2018-11-11,9,385,1381,414,22,527,2858,589,0,0,0,0,34,44,93,443,0.216059649122807,171,0,0,0,0,0,0,0,0,45,2018,NA,NA
"681",2018-11-12,7,651,7186,782,31,2141,19106,1288,6,56,326,16,44,39,67,196,0.08259,150,3,0,0,0,0,0,0,0,46,2018,87.660004,5123600
"682",2018-11-13,4,713,9167,1068,46,12251,54022,2195,4,24,136,8,87,72,164,951,0.141114551083591,323,3,0,0,0,0,0,0,0,46,2018,87.389999,3732300
"683",2018-11-14,15,2595,12777,1854,86,4269,21056,2671,3,5,21,2,57,58,137,683,0.236509523809524,252,2,0,0,0,0,0,0,0,46,2018,85.760002,3591300
"684",2018-11-15,13,1380,13614,1252,70,2351,23884,2894,2,0,58,2,46,50,65,164,0.0934372670807453,161,3,0,1,0,0,0,0,0,46,2018,88.25,3827400
"685",2018-11-16,12,2277,19739,1381,49,3298,29301,3976,2,12,22,0,264,195,485,3513,0.137298193411265,941,6,0,1,0,0,0,0,0,46,2018,85.970001,4585300
"686",2018-11-17,2,719,774,82,7,1051,6649,907,4,8,16,0,166,295,526,3704,0.220998274111675,985,0,0,0,0,0,0,0,0,46,2018,NA,NA
"687",2018-11-18,6,522,1161,242,16,3504,21492,1978,0,0,0,0,80,195,326,1123,0.209323361344538,595,1,0,0,0,0,0,0,0,46,2018,NA,NA
"688",2018-11-19,10,1582,16371,1507,26,2648,27740,3649,0,0,0,0,642,407,791,15509,0.0636900543478261,1840,1,0,0,0,0,0,0,0,47,2018,83.040001,4461800
"689",2018-11-20,5,591,3912,646,42,3853,14545,3371,4,2,9,1,254,217,466,1810,0.158810779082177,937,1,0,1,0,1,0,0,0,47,2018,83.019997,5388800
"690",2018-11-21,18,9195,45431,2959,45,9833,52209,3343,0,0,0,0,68,59,162,528,0.227332179930796,289,1,0,0,0,0,0,0,0,47,2018,84.019997,3272900
"691",2018-11-22,14,2030,18432,1533,44,2471,22400,1799,1,1,2,0,135,132,220,3594,0.144876180698152,487,2,0,0,0,0,0,0,0,47,2018,NA,NA
"692",2018-11-23,29,3390,38385,4513,45,3557,40095,4631,3,29,465,14,192,324,674,3198,0.261068907563025,1190,3,0,0,0,0,0,0,0,47,2018,82.669998,1906800
"693",2018-11-24,30,1263,22847,3208,33,1441,24201,3316,0,0,0,0,180,261,421,2223,0.196105064782097,849,0,0,0,0,0,0,0,0,47,2018,NA,NA
"694",2018-11-25,12,629,7331,928,22,848,8331,1080,1,606,6805,75,86,132,206,966,0.208393160377358,424,0,0,0,0,0,0,0,0,47,2018,NA,NA
"695",2018-11-26,22,2021,19853,2520,64,3162,29051,3114,0,0,0,0,57,56,99,422,0.145004245283019,212,1,0,0,0,0,0,0,0,48,2018,84.93,5383800
"696",2018-11-27,18,351,6544,987,46,1168,10313,1277,3,0,0,0,21,47,62,113,0.160625242718447,103,0,0,0,0,0,0,0,0,48,2018,85.040001,3372200
"697",2018-11-28,9,2479,15705,1559,40,3072,20678,1842,0,0,0,0,36,51,85,559,0.172810625,160,4,0,0,0,0,0,0,1,48,2018,85.900002,4197200
"698",2018-11-29,5,2165,13277,873,46,3203,20260,1500,0,0,0,0,110,90,206,1872,0.155478024691358,405,2,0,0,0,0,0,0,0,48,2018,86.389999,3527300
"699",2018-11-30,11,791,9221,1333,33,1761,17706,2214,0,0,0,0,68,54,108,921,0.116309565217391,230,5,0,0,0,0,0,0,0,48,2018,84.07,5395500
"700",2018-12-01,1,29,224,8,6,1121,11511,1003,0,0,0,0,34,31,70,2635,0.196828888888889,135,1,0,0,0,0,0,0,0,48,2018,NA,NA
"701",2018-12-02,2,86,535,177,17,1485,14930,1623,0,0,0,0,24,83,163,323,0.296549259259259,270,0,0,0,0,0,0,0,0,48,2018,NA,NA
"702",2018-12-03,8,1131,10173,1252,22,3290,20460,2778,1,0,0,0,67,41,130,849,0.162521848739496,238,2,0,0,0,0,0,0,0,49,2018,84,5052200
"703",2018-12-04,13,2575,14038,3485,49,4229,23071,5032,0,0,0,0,142,87,172,913,0.0785269326683292,401,4,0,1,0,0,0,0,0,49,2018,81.18,5129500
"704",2018-12-05,7,2397,17385,2359,52,3650,25438,3373,1,1,1,0,189,147,230,3100,0.0590441696113074,566,2,0,0,0,0,0,0,0,49,2018,NA,NA
"705",2018-12-06,8,1684,9204,537,36,2385,18738,1535,1,0,0,0,271,183,360,1621,0.0517704856787049,803,1,0,0,0,0,0,0,0,49,2018,83.879997,5747500
"706",2018-12-07,15,6359,20733,2087,43,18449,49824,3993,2,2,3,0,66,64,141,3529,0.178355925925926,270,4,0,1,0,0,0,0,0,49,2018,82.519997,4589100
"707",2018-12-08,5,3032,11606,2164,15,3915,12766,2260,0,0,0,0,175,140,347,3810,0.171304229607251,662,0,0,0,0,0,0,0,0,49,2018,NA,NA
"708",2018-12-09,5,1464,6939,454,23,2546,10626,728,2,2,17,0,51,61,115,380,0.181094273127753,227,0,0,0,0,0,0,0,0,49,2018,NA,NA
"709",2018-12-10,8,615,7912,736,19,912,10540,1044,7,14,142,23,17,9,39,135,0.211755384615385,65,6,0,0,0,0,0,0,0,50,2018,83.730003,3888400
"710",2018-12-11,0,0,0,0,0,0,0,0,4,5,38,2,76,69,149,728,0.184157142857143,294,2,0,0,0,0,0,0,0,50,2018,83.440002,3876700
"711",2018-12-12,0,0,0,0,0,0,0,0,4,17,154,12,36,38,73,196,0.179284353741497,147,3,0,0,0,0,0,0,1,50,2018,82.989998,3400500
"712",2018-12-13,0,0,0,0,0,0,0,0,6,11,76,6,41,29,51,150,0.0931157024793388,121,3,0,0,0,0,0,0,0,50,2018,80.860001,5011100
"713",2018-12-14,0,0,0,0,0,0,0,0,8,249,1739,82,64,27,56,493,0.0198707482993197,147,6,0,0,0,0,0,0,0,50,2018,80.160004,5227600
"714",2018-12-15,0,0,0,0,0,0,0,0,3,0,2,0,104,75,202,1755,0.154485826771654,381,0,0,0,0,0,0,0,0,50,2018,NA,NA
"715",2018-12-16,0,0,0,0,0,0,0,0,0,0,0,0,55,25,70,480,0.0598353333333333,150,0,0,0,0,0,0,0,0,50,2018,NA,NA
"716",2018-12-17,0,0,0,0,0,0,0,0,2,366,3077,35,146,162,185,7158,0.060731845841785,493,3,0,0,0,0,0,0,0,51,2018,79.230003,4083500
"717",2018-12-18,0,0,0,0,0,0,0,0,2,3,25,2,66,40,83,741,0.0885804232804233,189,1,0,0,0,0,0,0,0,51,2018,80,6191100
"718",2018-12-19,0,0,0,0,0,0,0,0,2,2,60,0,37,12,51,190,0.070438,100,2,0,0,0,0,0,0,0,51,2018,78.360001,6416600
"719",2018-12-20,0,0,0,0,0,0,0,0,0,0,0,0,33,42,96,546,0.215320467836257,171,1,0,0,0,0,0,0,0,51,2018,77.440002,5567700
"720",2018-12-21,0,0,0,0,0,0,0,0,2,37,466,19,20,11,52,140,0.265133734939759,83,3,0,0,0,0,0,0,0,51,2018,76.57,7829900
"721",2018-12-22,0,0,0,0,0,0,0,0,0,0,0,0,33,26,59,162,0.168771186440678,118,0,0,0,0,0,0,0,0,51,2018,NA,NA
"722",2018-12-23,0,0,0,0,0,0,0,0,4,5,44,0,43,34,88,346,0.19033696969697,165,0,0,0,0,0,0,0,0,51,2018,NA,NA
"723",2018-12-24,0,0,0,0,0,0,0,0,2,1,10,0,212,161,314,7019,0.108972634643377,687,1,0,0,0,0,0,0,0,52,2018,74.720001,2556900
"724",2018-12-25,0,0,0,0,0,0,0,0,0,0,0,0,50,36,95,347,0.221096132596685,181,0,0,0,0,0,0,0,0,52,2018,NA,NA
"725",2018-12-26,0,0,0,0,0,0,0,0,1,0,1,0,25,30,66,326,0.198987603305785,121,1,0,0,0,0,0,0,0,52,2018,77.889999,3257300
"726",2018-12-27,0,0,0,0,0,0,0,0,1,0,0,0,121,92,190,3044,0.115633250620347,403,1,0,0,0,0,0,0,0,52,2018,79.43,4261000
"727",2018-12-28,0,0,0,0,0,0,0,0,0,0,0,0,76,83,187,857,0.211469075144509,346,1,0,0,0,0,0,0,0,52,2018,79.300003,2733600
"728",2018-12-29,0,0,0,0,0,0,0,0,1,0,0,0,102,97,204,3577,0.17179554973822,382,0,0,0,0,0,0,0,0,52,2018,NA,NA
"729",2018-12-30,0,0,0,0,0,0,0,0,2,0,17,1,134,108,238,1481,0.133063080168776,474,0,0,0,0,0,0,0,0,52,2018,NA,NA
"730",2018-12-31,0,0,0,0,0,0,0,0,3,6,37,3,24,33,59,669,0.250739655172414,116,2,0,0,0,0,0,0,0,53,2018,78.910004,2942400
